file_id.x	sample_id	cohort	pct	n_fragments_clade	n_fragments_taxon	tax.level	n_distinct_minimisers	rank	ncbi	name	file_id.y	Domain	Kingdom	Phylum	Class	Order	Family	Genus	Species	reads	pct_fragments_clade	n_minimisers_clade	n_minimisers_taxon	ncbi_id	ratio_taxon	ratio_clade	proportion	total_read	expected_clade	std_clade	pvalue	padj	significance
/lustre/scratch125/casm/team113da/projects/FUR/FUR_analysis/FUR_analysis_cat/pathogen_identification/analysis/7098_3140/results/kraken2/CATD0561a_0.1.kraken	CATD0561a	7098_3140	1.13	756	756	31879	25208	S	9606	Homo sapiens	/lustre/scratch125/casm/team113da/projects/FUR/FUR_analysis/FUR_analysis_cat/pathogen_identification/analysis/7098_3140/results/krakentools/CATD0561a.kraken.mpa	Eukaryota	Metazoa	Chordata	Mammalia	Primates	Hominidae	Homo	Homo_sapiens	756	2.95	817705001	817705001	9606	3.0827743463929236e-5	3.0827743463929236e-5	0.03481320166957445	66994	2332.275632651471	47.44556513208522	0	0	Significant
/lustre/scratch125/casm/team113da/projects/FUR/FUR_analysis/FUR_analysis_cat/pathogen_identification/analysis/7098_3140/results/kraken2/CATD0561a_0.1.kraken	CATD0561a	7098_3140	0	1	1	17	17	S	76775	Malassezia restricta	/lustre/scratch125/casm/team113da/projects/FUR/FUR_analysis/FUR_analysis_cat/pathogen_identification/analysis/7098_3140/results/krakentools/CATD0561a.kraken.mpa	Eukaryota	Fungi	Basidiomycota	Malasseziomycetes	Malasseziales	Malasseziaceae	Malassezia	Malassezia_restricta	1	0.01	2324544	2324544	76775	7.3132623000468045e-6	7.3132623000468045e-6	9.896578712718339e-5	66994	6.630113942798524	2.5747733469867655	2.8187166650396055e-5	5.294616438385205e-5	Significant
/lustre/scratch125/casm/team113da/projects/FUR/FUR_analysis/FUR_analysis_cat/pathogen_identification/analysis/7098_3140/results/kraken2/CATD0561a_0.1.kraken	CATD0561a	7098_3140	0.01	6	6	117	78	S	147645	Paracoccus yeei	/lustre/scratch125/casm/team113da/projects/FUR/FUR_analysis/FUR_analysis_cat/pathogen_identification/analysis/7098_3140/results/krakentools/CATD0561a.kraken.mpa	Bacteria	Pseudomonadota	Alphaproteobacteria	Rhodobacterales	Paracoccaceae	Paracoccus	Paracoccus_yeei	NA	6	0.01	1666597	1666597	147645	4.680195632177425e-5	4.680195632177425e-5	7.095416732434509e-5	66994	4.753503485727175	2.1801757279736584	9.40289981899668e-248	5.2280122993621536e-247	Significant
/lustre/scratch125/casm/team113da/projects/FUR/FUR_analysis/FUR_analysis_cat/pathogen_identification/analysis/7098_3140/results/kraken2/CATD0561a_0.1.kraken	CATD0561a	7098_3140	0	2	2	14	7	S	121719	Pannonibacter phragmitetus	/lustre/scratch125/casm/team113da/projects/FUR/FUR_analysis/FUR_analysis_cat/pathogen_identification/analysis/7098_3140/results/krakentools/CATD0561a.kraken.mpa	Bacteria	Pseudomonadota	Alphaproteobacteria	Hyphomicrobiales	Stappiaceae	Pannonibacter	Pannonibacter_phragmitetus	NA	2	0.01	2681371	2179110	121719	3.2123206263107415e-6	2.610604798813741e-6	1.141574397365689e-4	66994	7.647863517711698	2.765319232420203	0.5926168297476793	0.698082536736673	Non-significant
/lustre/scratch125/casm/team113da/projects/FUR/FUR_analysis/FUR_analysis_cat/pathogen_identification/analysis/7098_3140/results/kraken2/CATD0561a_0.1.kraken	CATD0561a	7098_3140	0	1	1	38	24	S	93064	Sphingomonas koreensis	/lustre/scratch125/casm/team113da/projects/FUR/FUR_analysis/FUR_analysis_cat/pathogen_identification/analysis/7098_3140/results/krakentools/CATD0561a.kraken.mpa	Bacteria	Pseudomonadota	Alphaproteobacteria	Sphingomonadales	Sphingomonadaceae	Sphingomonas	Sphingomonas_koreensis	NA	1	0	1183421	1183421	93064	2.02801876931371e-5	2.02801876931371e-5	5.038329701130135e-5	66994	3.375378599975123	1.8371740628673687	1.5149204835282316e-29	5.013665409772004e-29	Significant
/lustre/scratch125/casm/team113da/projects/FUR/FUR_analysis/FUR_analysis_cat/pathogen_identification/analysis/7098_3140/results/kraken2/CATD0561a_0.1.kraken	CATD0561a	7098_3140	0	1	1	6	6	S	2026199	Paraburkholderia aromaticivorans	/lustre/scratch125/casm/team113da/projects/FUR/FUR_analysis/FUR_analysis_cat/pathogen_identification/analysis/7098_3140/results/krakentools/CATD0561a.kraken.mpa	Bacteria	Pseudomonadota	Betaproteobacteria	Burkholderiales	Burkholderiaceae	Paraburkholderia	Paraburkholderia_aromaticivorans	NA	1	0.01	4149924	4149924	2026199	1.4458096100073157e-6	1.4458096100073157e-6	1.7668002635269083e-4	66994	11.83650168547217	3.4401177904313767	0.9551137857550119	1	Non-significant
/lustre/scratch125/casm/team113da/projects/FUR/FUR_analysis/FUR_analysis_cat/pathogen_identification/analysis/7098_3140/results/kraken2/CATD0561a_0.1.kraken	CATD0561a	7098_3140	0	1	1	3	3	S	502	Kingella denitrificans	/lustre/scratch125/casm/team113da/projects/FUR/FUR_analysis/FUR_analysis_cat/pathogen_identification/analysis/7098_3140/results/krakentools/CATD0561a.kraken.mpa	Bacteria	Pseudomonadota	Betaproteobacteria	Neisseriales	Neisseriaceae	Kingella	Kingella_denitrificans	NA	1	0	592332	592332	502	5.064727213792265e-6	5.064727213792265e-6	2.5218108420670372e-5	66994	1.6894619555343908	1.2997766540831635	0.15666017117122819	0.20162744252593257	Non-significant
/lustre/scratch125/casm/team113da/projects/FUR/FUR_analysis/FUR_analysis_cat/pathogen_identification/analysis/7098_3140/results/kraken2/CATD0561a_0.1.kraken	CATD0561a	7098_3140	0	1	1	4	4	S	1344094	Pseudomonas sp. HN11	/lustre/scratch125/casm/team113da/projects/FUR/FUR_analysis/FUR_analysis_cat/pathogen_identification/analysis/7098_3140/results/krakentools/CATD0561a.kraken.mpa	Bacteria	Pseudomonadota	Gammaproteobacteria	Pseudomonadales	Pseudomonadaceae	Pseudomonas	Pseudomonas_sp._HN11	NA	1	0	959268	959268	1344094	4.169846174374628e-6	4.169846174374628e-6	4.084014442657095e-5	66994	2.7360446357136943	1.6540655655854801	0.2223887200758325	0.28359662468385977	Non-significant
/lustre/scratch125/casm/team113da/projects/FUR/FUR_analysis/FUR_analysis_cat/pathogen_identification/analysis/7098_3140/results/kraken2/CATD0561a_0.1.kraken	CATD0561a	7098_3140	0	1	1	20	20	S	303	Pseudomonas putida	/lustre/scratch125/casm/team113da/projects/FUR/FUR_analysis/FUR_analysis_cat/pathogen_identification/analysis/7098_3140/results/krakentools/CATD0561a.kraken.mpa	Bacteria	Pseudomonadota	Gammaproteobacteria	Pseudomonadales	Pseudomonadaceae	Pseudomonas	Pseudomonas_putida	NA	1	0.08	22726715	21091159	303	9.482646259506176e-7	8.800215957299593e-7	9.675735278790874e-4	66994	64.82162092673158	8.047291546991985	0.9999999872467351	1	Non-significant
/lustre/scratch125/casm/team113da/projects/FUR/FUR_analysis/FUR_analysis_cat/pathogen_identification/analysis/7098_3140/results/kraken2/CATD0561a_0.1.kraken	CATD0561a	7098_3140	0	1	1	18	18	S	1270	Micrococcus luteus	/lustre/scratch125/casm/team113da/projects/FUR/FUR_analysis/FUR_analysis_cat/pathogen_identification/analysis/7098_3140/results/krakentools/CATD0561a.kraken.mpa	Bacteria	Actinomycetota	Actinomycetes	Micrococcales	Micrococcaceae	Micrococcus	Micrococcus_luteus	NA	1	0.01	1627849	1626675	1270	1.1065517082391995e-5	1.1057536663412885e-5	6.930449912292405e-5	66994	4.642985614241174	2.1546841611820384	2.840085668509521e-10	5.892118028698858e-10	Significant
/lustre/scratch125/casm/team113da/projects/FUR/FUR_analysis/FUR_analysis_cat/pathogen_identification/analysis/7098_3140/results/kraken2/CATD0561a_0.1.kraken	CATD0561a	7098_3140	0	2	2	26	13	S	172042	Rothia aeria	/lustre/scratch125/casm/team113da/projects/FUR/FUR_analysis/FUR_analysis_cat/pathogen_identification/analysis/7098_3140/results/krakentools/CATD0561a.kraken.mpa	Bacteria	Actinomycetota	Actinomycetes	Micrococcales	Micrococcaceae	Rothia	Rothia_aeria	NA	2	0	1302870	1302870	172042	9.977971708612525e-6	9.977971708612525e-6	5.546875218296295e-5	66994	3.7160735837454197	1.9276585428391382	7.317084901850148e-7	1.412603890773848e-6	Significant
/lustre/scratch125/casm/team113da/projects/FUR/FUR_analysis/FUR_analysis_cat/pathogen_identification/analysis/7098_3140/results/kraken2/CATD0561a_0.1.kraken	CATD0561a	7098_3140	0	1	1	24	24	S	43675	Rothia mucilaginosa	/lustre/scratch125/casm/team113da/projects/FUR/FUR_analysis/FUR_analysis_cat/pathogen_identification/analysis/7098_3140/results/krakentools/CATD0561a.kraken.mpa	Bacteria	Actinomycetota	Actinomycetes	Micrococcales	Micrococcaceae	Rothia	Rothia_mucilaginosa	NA	1	0.01	2013988	1810782	43675	1.3253942219438895e-5	1.1916654915520848e-5	8.574408902765524e-5	66994	5.744339500318735	2.3966324201181153	1.296053388346596e-14	3.1060589824168423e-14	Significant
/lustre/scratch125/casm/team113da/projects/FUR/FUR_analysis/FUR_analysis_cat/pathogen_identification/analysis/7098_3140/results/kraken2/CATD0561a_0.1.kraken	CATD0561a	7098_3140	0	1	1	7	7	S	2583822	Plantibacter sp. M259	/lustre/scratch125/casm/team113da/projects/FUR/FUR_analysis/FUR_analysis_cat/pathogen_identification/analysis/7098_3140/results/krakentools/CATD0561a.kraken.mpa	Bacteria	Actinomycetota	Actinomycetes	Micrococcales	Microbacteriaceae	Plantibacter	Plantibacter_sp._M259	NA	1	0	614889	614889	2583822	1.13841685247256e-5	1.13841685247256e-5	2.6178456454619344e-5	66994	1.7537995117207683	1.3242936230144056	3.7238859897205414e-5	6.810791481199412e-5	Significant
/lustre/scratch125/casm/team113da/projects/FUR/FUR_analysis/FUR_analysis_cat/pathogen_identification/analysis/7098_3140/results/kraken2/CATD0561a_0.1.kraken	CATD0561a	7098_3140	0.01	4	4	78	78	S	1747	Cutibacterium acnes	/lustre/scratch125/casm/team113da/projects/FUR/FUR_analysis/FUR_analysis_cat/pathogen_identification/analysis/7098_3140/results/krakentools/CATD0561a.kraken.mpa	Bacteria	Actinomycetota	Actinomycetes	Propionibacteriales	Propionibacteriaceae	Cutibacterium	Cutibacterium_acnes	NA	4	0	1372586	1299736	1747	6.0012187090301416e-5	5.682704034574154e-5	5.8436860687408857e-5	66994	3.914919044892269	1.9785576234503355	3.762711790069251e-307	2.2739866905201125e-306	Significant
/lustre/scratch125/casm/team113da/projects/FUR/FUR_analysis/FUR_analysis_cat/pathogen_identification/analysis/7098_3140/results/kraken2/CATD0561a_0.1.kraken	CATD0561a	7098_3140	0	1	1	23	23	S	160826	Nocardioides aquaticus	/lustre/scratch125/casm/team113da/projects/FUR/FUR_analysis/FUR_analysis_cat/pathogen_identification/analysis/7098_3140/results/krakentools/CATD0561a.kraken.mpa	Bacteria	Actinomycetota	Actinomycetes	Propionibacteriales	Nocardioidaceae	Nocardioides	Nocardioides_aquaticus	NA	1	0	1199943	1199943	160826	1.916757712658018e-5	1.916757712658018e-5	5.108670926545327e-5	66994	3.4225030005297765	1.849953555123487	1.792449398147078e-26	5.536677029832086e-26	Significant
/lustre/scratch125/casm/team113da/projects/FUR/FUR_analysis/FUR_analysis_cat/pathogen_identification/analysis/7098_3140/results/kraken2/CATD0561a_0.1.kraken	CATD0561a	7098_3140	0	1	1	14	14	S	1828	Rhodococcus fascians	/lustre/scratch125/casm/team113da/projects/FUR/FUR_analysis/FUR_analysis_cat/pathogen_identification/analysis/7098_3140/results/krakentools/CATD0561a.kraken.mpa	Bacteria	Actinomycetota	Actinomycetes	Mycobacteriales	Nocardiaceae	Rhodococcus	Rhodococcus_fascians	NA	1	0.02	4802018	2165510	1828	6.4649897714626115e-6	2.915440966693586e-6	2.0444245889469199e-4	66994	13.696418091190996	3.7004888814585546	0.46730811868246425	0.5551780213407054	Non-significant
/lustre/scratch125/casm/team113da/projects/FUR/FUR_analysis/FUR_analysis_cat/pathogen_identification/analysis/7098_3140/results/kraken2/CATD0561a_0.1.kraken	CATD0561a	7098_3140	0	1	1	12	12	S	2918899	Thermus sp. NEB1569	/lustre/scratch125/casm/team113da/projects/FUR/FUR_analysis/FUR_analysis_cat/pathogen_identification/analysis/7098_3140/results/krakentools/CATD0561a.kraken.mpa	Bacteria	Deinococcota	Deinococci	Thermales	Thermaceae	Thermus	Thermus_sp._NEB1569	NA	1	0	215070	215070	2918899	5.5795787418049936e-5	5.5795787418049936e-5	9.156450399494839e-6	66994	0.6134272380637572	0.7832123730174838	3.464845571553183e-48	1.3378153734608124e-47	Significant
/lustre/scratch125/casm/team113da/projects/FUR/FUR_analysis/FUR_analysis_cat/pathogen_identification/analysis/7098_3140/results/kraken2/CATD0561a_0.1.kraken	CATD0561a	7098_3140	0	1	1	24	24	S	1282	Staphylococcus epidermidis	/lustre/scratch125/casm/team113da/projects/FUR/FUR_analysis/FUR_analysis_cat/pathogen_identification/analysis/7098_3140/results/krakentools/CATD0561a.kraken.mpa	Bacteria	Bacillota	Bacilli	Bacillales	Staphylococcaceae	Staphylococcus	Staphylococcus_epidermidis	NA	1	0.01	2643461	2632322	1282	9.117425603706538e-6	9.079006650750663e-6	1.1254344878178744e-4	66994	7.539735807687068	2.7457034180363267	1.0179467758421027e-9	2.0808029682654745e-9	Significant
/lustre/scratch125/casm/team113da/projects/FUR/FUR_analysis/FUR_analysis_cat/pathogen_identification/analysis/7098_3140/results/kraken2/CATD0561a_0.1.kraken	CATD0561a	7098_3140	0	1	1	21	21	S	1358	Lactococcus lactis	/lustre/scratch125/casm/team113da/projects/FUR/FUR_analysis/FUR_analysis_cat/pathogen_identification/analysis/7098_3140/results/krakentools/CATD0561a.kraken.mpa	Bacteria	Bacillota	Bacilli	Lactobacillales	Streptococcaceae	Lactococcus	Lactococcus_lactis	NA	1	0.01	3362227	2517685	1358	8.340995795740928e-6	6.245860258691635e-6	1.43144393719916e-4	66994	9.589815512872052	3.096521077684532	1.1442321174998934e-4	2.0132691687656354e-4	Significant
/lustre/scratch125/casm/team113da/projects/FUR/FUR_analysis/FUR_analysis_cat/pathogen_identification/analysis/7098_3140/results/kraken2/CATD0561a_0.1.kraken	CATD0561a	7098_3140	0.01	4	4	48	41	S	2169894	Puma feline foamy virus	/lustre/scratch125/casm/team113da/projects/FUR/FUR_analysis/FUR_analysis_cat/pathogen_identification/analysis/7098_3140/results/krakentools/CATD0561a.kraken.mpa	Viruses	Pararnavirae	Artverviricota	Revtraviricetes	Ortervirales	Retroviridae	Felispumavirus	Puma_feline_foamy_virus	4	0	1854	1854	2169894	0.022114347357065803	0.022114347357065803	7.893271511909346e-8	66994	0.005288018316688547	0.07271875892292788	0	0	Significant
/lustre/scratch125/casm/team113da/projects/FUR/FUR_analysis/FUR_analysis_cat/pathogen_identification/analysis/7098_3140/results/kraken2/CATD0561a_0.1.kraken	CATD0561a	7098_3140	0	3	3	39	35	S	53182	Feline foamy virus	/lustre/scratch125/casm/team113da/projects/FUR/FUR_analysis/FUR_analysis_cat/pathogen_identification/analysis/7098_3140/results/krakentools/CATD0561a.kraken.mpa	Viruses	Pararnavirae	Artverviricota	Revtraviricetes	Ortervirales	Retroviridae	Felispumavirus	Feline_foamy_virus	3	0	1866	1866	53182	0.018756698821007504	0.018756698821007504	7.94436064790876e-8	66994	0.005322244972459995	0.07295371511884545	0	0	Significant
/lustre/scratch125/casm/team113da/projects/FUR/FUR_analysis/FUR_analysis_cat/pathogen_identification/analysis/7098_3140/results/kraken2/CATD0561c_0.1.kraken	CATD0561c	7098_3140	1.94	1271	1271	41937	34736	S	9606	Homo sapiens	/lustre/scratch125/casm/team113da/projects/FUR/FUR_analysis/FUR_analysis_cat/pathogen_identification/analysis/7098_3140/results/krakentools/CATD0561c.kraken.mpa	Eukaryota	Metazoa	Chordata	Mammalia	Primates	Hominidae	Homo	Homo_sapiens	1271	2.95	817705001	817705001	9606	4.24798673819044e-5	4.24798673819044e-5	0.03481320166957445	65480	2279.5684453237354	46.906389429555134	0	0	Significant
/lustre/scratch125/casm/team113da/projects/FUR/FUR_analysis/FUR_analysis_cat/pathogen_identification/analysis/7098_3140/results/kraken2/CATD0561c_0.1.kraken	CATD0561c	7098_3140	0	2	0	121	117	S	4641	Musa acuminata	/lustre/scratch125/casm/team113da/projects/FUR/FUR_analysis/FUR_analysis_cat/pathogen_identification/analysis/7098_3140/results/krakentools/CATD0561c.kraken.mpa	Eukaryota	Viridiplantae	Streptophyta	Magnoliopsida	Zingiberales	Musaceae	Musa	Musa_acuminata	2	0.33	91114158	0	4641	Inf	1.2841033991665708e-6	0.0038791196746116884	65480	254.00475629357337	15.906584845465416	1	1	Non-significant
/lustre/scratch125/casm/team113da/projects/FUR/FUR_analysis/FUR_analysis_cat/pathogen_identification/analysis/7098_3140/results/kraken2/CATD0561c_0.1.kraken	CATD0561c	7098_3140	0	1	1	11	10	S	101571	Burkholderia ubonensis	/lustre/scratch125/casm/team113da/projects/FUR/FUR_analysis/FUR_analysis_cat/pathogen_identification/analysis/7098_3140/results/krakentools/CATD0561c.kraken.mpa	Bacteria	Pseudomonadota	Betaproteobacteria	Burkholderiales	Burkholderiaceae	Burkholderia	Burkholderia_ubonensis	NA	1	0.02	4860542	3518383	101571	2.8422147333022015e-6	2.0573837238727695e-6	2.0693407605738338e-4	65480	13.550043300237464	3.6806574595507513	0.832605693685476	0.9409121253843997	Non-significant
/lustre/scratch125/casm/team113da/projects/FUR/FUR_analysis/FUR_analysis_cat/pathogen_identification/analysis/7098_3140/results/kraken2/CATD0561c_0.1.kraken	CATD0561c	7098_3140	0	3	3	52	18	S	134537	Paraburkholderia fungorum	/lustre/scratch125/casm/team113da/projects/FUR/FUR_analysis/FUR_analysis_cat/pathogen_identification/analysis/7098_3140/results/krakentools/CATD0561c.kraken.mpa	Bacteria	Pseudomonadota	Betaproteobacteria	Burkholderiales	Burkholderiaceae	Paraburkholderia	Paraburkholderia_fungorum	NA	3	0.01	3762150	3762150	134537	4.784498225748575e-6	4.784498225748575e-6	1.6017082750016044e-4	65480	10.487985784710506	3.238256616660971	0.010176630774005919	0.014734913308196072	Significant
/lustre/scratch125/casm/team113da/projects/FUR/FUR_analysis/FUR_analysis_cat/pathogen_identification/analysis/7098_3140/results/kraken2/CATD0561c_0.1.kraken	CATD0561c	7098_3140	0	2	2	23	22	S	2839983	Cupriavidus sp. EM10	/lustre/scratch125/casm/team113da/projects/FUR/FUR_analysis/FUR_analysis_cat/pathogen_identification/analysis/7098_3140/results/krakentools/CATD0561c.kraken.mpa	Bacteria	Pseudomonadota	Betaproteobacteria	Burkholderiales	Burkholderiaceae	Cupriavidus	Cupriavidus_sp._EM10	NA	2	0.01	1433718	1433718	2839983	1.5344719114916602e-5	1.5344719114916602e-5	6.103951157233897e-5	65480	3.9968672177567557	1.9991556344952146	1.0747156388254936e-19	2.9291269371910514e-19	Significant
/lustre/scratch125/casm/team113da/projects/FUR/FUR_analysis/FUR_analysis_cat/pathogen_identification/analysis/7098_3140/results/kraken2/CATD0561c_0.1.kraken	CATD0561c	7098_3140	0	2	2	16	8	S	285	Comamonas testosteroni	/lustre/scratch125/casm/team113da/projects/FUR/FUR_analysis/FUR_analysis_cat/pathogen_identification/analysis/7098_3140/results/krakentools/CATD0561c.kraken.mpa	Bacteria	Pseudomonadota	Betaproteobacteria	Burkholderiales	Comamonadaceae	Comamonas	Comamonas_testosteroni	NA	2	0.01	2595131	2262615	285	3.535731885451126e-6	3.08269601804302e-6	1.1048583382941107e-4	65480	7.234612399149837	2.6895748877780825	0.38798462310451753	0.47725542134095517	Non-significant
/lustre/scratch125/casm/team113da/projects/FUR/FUR_analysis/FUR_analysis_cat/pathogen_identification/analysis/7098_3140/results/kraken2/CATD0561c_0.1.kraken	CATD0561c	7098_3140	0	1	0	20	20	S	80867	Acidovorax avenae	/lustre/scratch125/casm/team113da/projects/FUR/FUR_analysis/FUR_analysis_cat/pathogen_identification/analysis/7098_3140/results/krakentools/CATD0561c.kraken.mpa	Bacteria	Pseudomonadota	Betaproteobacteria	Burkholderiales	Comamonadaceae	Acidovorax	Acidovorax_avenae	NA	1	0.01	3050448	0	80867	Inf	6.5564140086964275e-6	1.2987062727594844e-4	65480	8.503928674029105	2.91596026438597	4.032420871568171e-5	7.27930520971397e-5	Significant
/lustre/scratch125/casm/team113da/projects/FUR/FUR_analysis/FUR_analysis_cat/pathogen_identification/analysis/7098_3140/results/kraken2/CATD0561c_0.1.kraken	CATD0561c	7098_3140	0	1	1	69	19	S	29442	Pseudomonas tolaasii	/lustre/scratch125/casm/team113da/projects/FUR/FUR_analysis/FUR_analysis_cat/pathogen_identification/analysis/7098_3140/results/krakentools/CATD0561c.kraken.mpa	Bacteria	Pseudomonadota	Gammaproteobacteria	Pseudomonadales	Pseudomonadaceae	Pseudomonas	Pseudomonas_tolaasii	NA	1	0.01	1448547	1448547	29442	1.3116592005644277e-5	1.3116592005644277e-5	6.167084557045172e-5	65480	4.038206967953179	2.0094670756981508	4.8233307211462475e-14	1.1174049503988808e-13	Significant
/lustre/scratch125/casm/team113da/projects/FUR/FUR_analysis/FUR_analysis_cat/pathogen_identification/analysis/7098_3140/results/kraken2/CATD0561c_0.1.kraken	CATD0561c	7098_3140	0	1	1	10	10	S	316	Stutzerimonas stutzeri	/lustre/scratch125/casm/team113da/projects/FUR/FUR_analysis/FUR_analysis_cat/pathogen_identification/analysis/7098_3140/results/krakentools/CATD0561c.kraken.mpa	Bacteria	Pseudomonadota	Gammaproteobacteria	Pseudomonadales	Pseudomonadaceae	Stutzerimonas	Stutzerimonas_stutzeri	NA	1	0.04	10216073	8058582	316	1.2409131035708268e-6	9.788497008586372e-7	4.349419523974447e-4	65480	28.47999904298468	5.335504839900031	0.9997334904713214	1	Non-significant
/lustre/scratch125/casm/team113da/projects/FUR/FUR_analysis/FUR_analysis_cat/pathogen_identification/analysis/7098_3140/results/kraken2/CATD0561c_0.1.kraken	CATD0561c	7098_3140	0	2	2	22	13	S	2282397	Novosphingobium humi	/lustre/scratch125/casm/team113da/projects/FUR/FUR_analysis/FUR_analysis_cat/pathogen_identification/analysis/7098_3140/results/krakentools/CATD0561c.kraken.mpa	Bacteria	Pseudomonadota	Alphaproteobacteria	Sphingomonadales	Sphingomonadaceae	Novosphingobium	Novosphingobium_humi	NA	2	0	1283361	1283361	2282397	1.0129651750364861e-5	1.0129651750364861e-5	5.4638170554452486e-5	65480	3.5777074079055486	1.8914311852451842	3.153559739924841e-7	6.262068626422184e-7	Significant
/lustre/scratch125/casm/team113da/projects/FUR/FUR_analysis/FUR_analysis_cat/pathogen_identification/analysis/7098_3140/results/kraken2/CATD0561c_0.1.kraken	CATD0561c	7098_3140	0	1	1	9	9	S	3025670	Novosphingobium sp. KACC 22771	/lustre/scratch125/casm/team113da/projects/FUR/FUR_analysis/FUR_analysis_cat/pathogen_identification/analysis/7098_3140/results/krakentools/CATD0561c.kraken.mpa	Bacteria	Pseudomonadota	Alphaproteobacteria	Sphingomonadales	Sphingomonadaceae	Novosphingobium	Novosphingobium_sp._KACC_22771	NA	1	0	1328683	1328683	3025670	6.7736247095808406e-6	6.7736247095808406e-6	5.656772207259032e-5	65480	3.704054441313214	1.92453758378241	0.0029634210037308693	0.0046808581763476236	Significant
/lustre/scratch125/casm/team113da/projects/FUR/FUR_analysis/FUR_analysis_cat/pathogen_identification/analysis/7098_3140/results/kraken2/CATD0561c_0.1.kraken	CATD0561c	7098_3140	0.01	8	8	164	145	S	1747	Cutibacterium acnes	/lustre/scratch125/casm/team113da/projects/FUR/FUR_analysis/FUR_analysis_cat/pathogen_identification/analysis/7098_3140/results/krakentools/CATD0561c.kraken.mpa	Bacteria	Actinomycetota	Actinomycetes	Propionibacteriales	Propionibacteriaceae	Cutibacterium	Cutibacterium_acnes	NA	8	0	1372586	1299736	1747	1.1156111702684237e-4	1.0564001089913492e-4	5.8436860687408857e-5	65480	3.826445637811532	1.9560731152850261	0	0	Significant
/lustre/scratch125/casm/team113da/projects/FUR/FUR_analysis/FUR_analysis_cat/pathogen_identification/analysis/7098_3140/results/kraken2/CATD0561c_0.1.kraken	CATD0561c	7098_3140	0	1	1	19	19	S	71999	Kocuria palustris	/lustre/scratch125/casm/team113da/projects/FUR/FUR_analysis/FUR_analysis_cat/pathogen_identification/analysis/7098_3140/results/krakentools/CATD0561c.kraken.mpa	Bacteria	Actinomycetota	Actinomycetes	Micrococcales	Micrococcaceae	Kocuria	Kocuria_palustris	NA	1	0	808427	808427	71999	2.3502431264665828e-5	2.3502431264665828e-5	3.441819745716471e-5	65480	2.253703569495145	1.5012081804602186	3.376559714875261e-29	1.0914925589945613e-28	Significant
/lustre/scratch125/casm/team113da/projects/FUR/FUR_analysis/FUR_analysis_cat/pathogen_identification/analysis/7098_3140/results/kraken2/CATD0561c_0.1.kraken	CATD0561c	7098_3140	0	1	1	23	23	S	72000	Kocuria rhizophila	/lustre/scratch125/casm/team113da/projects/FUR/FUR_analysis/FUR_analysis_cat/pathogen_identification/analysis/7098_3140/results/krakentools/CATD0561c.kraken.mpa	Bacteria	Actinomycetota	Actinomycetes	Micrococcales	Micrococcaceae	Kocuria	Kocuria_rhizophila	NA	1	0	1030016	1029288	72000	2.234554371565587e-5	2.232975021747235e-5	4.385218958797636e-5	65480	2.871441374220692	1.6944956344674242	7.627939774012222e-33	2.7186759707376896e-32	Significant
/lustre/scratch125/casm/team113da/projects/FUR/FUR_analysis/FUR_analysis_cat/pathogen_identification/analysis/7098_3140/results/kraken2/CATD0561c_0.1.kraken	CATD0561c	7098_3140	0	1	1	22	22	S	1270	Micrococcus luteus	/lustre/scratch125/casm/team113da/projects/FUR/FUR_analysis/FUR_analysis_cat/pathogen_identification/analysis/7098_3140/results/krakentools/CATD0561c.kraken.mpa	Bacteria	Actinomycetota	Actinomycetes	Micrococcales	Micrococcaceae	Micrococcus	Micrococcus_luteus	NA	1	0.01	1627849	1626675	1270	1.3524520878479107e-5	1.3514767033060192e-5	6.930449912292405e-5	65480	4.538058602569067	2.130198135078196	1.2289044558837536e-16	3.1632910994044767e-16	Significant
/lustre/scratch125/casm/team113da/projects/FUR/FUR_analysis/FUR_analysis_cat/pathogen_identification/analysis/7098_3140/results/kraken2/CATD0561c_0.1.kraken	CATD0561c	7098_3140	0	1	1	23	23	S	2047	Rothia dentocariosa	/lustre/scratch125/casm/team113da/projects/FUR/FUR_analysis/FUR_analysis_cat/pathogen_identification/analysis/7098_3140/results/krakentools/CATD0561c.kraken.mpa	Bacteria	Actinomycetota	Actinomycetes	Micrococcales	Micrococcaceae	Rothia	Rothia_dentocariosa	NA	1	0	1345000	1070369	2047	2.1487916783838098e-5	1.7100371747211897e-5	5.7262406599342345e-5	65480	3.7495423841249367	1.936318072090527	1.3693769616136306e-23	3.884559136006013e-23	Significant
/lustre/scratch125/casm/team113da/projects/FUR/FUR_analysis/FUR_analysis_cat/pathogen_identification/analysis/7098_3140/results/kraken2/CATD0561c_0.1.kraken	CATD0561c	7098_3140	0	1	1	14	14	S	1282	Staphylococcus epidermidis	/lustre/scratch125/casm/team113da/projects/FUR/FUR_analysis/FUR_analysis_cat/pathogen_identification/analysis/7098_3140/results/krakentools/CATD0561c.kraken.mpa	Bacteria	Bacillota	Bacilli	Bacillales	Staphylococcaceae	Staphylococcus	Staphylococcus_epidermidis	NA	1	0.01	2643461	2632322	1282	5.318498268828813e-6	5.296087212937887e-6	1.1254344878178744e-4	65480	7.369345026231442	2.714500995528815	0.007289346012791218	0.010778926550829567	Significant
/lustre/scratch125/casm/team113da/projects/FUR/FUR_analysis/FUR_analysis_cat/pathogen_identification/analysis/7098_3140/results/kraken2/CATD0561c_0.1.kraken	CATD0561c	7098_3140	0	1	1	6	6	S	28137	Prevotella veroralis	/lustre/scratch125/casm/team113da/projects/FUR/FUR_analysis/FUR_analysis_cat/pathogen_identification/analysis/7098_3140/results/krakentools/CATD0561c.kraken.mpa	Bacteria	Bacteroidota	Bacteroidia	Bacteroidales	Prevotellaceae	Prevotella	Prevotella_veroralis	NA	1	0	783286	783286	28137	7.660037329915254e-6	7.660037329915254e-6	3.3347837483697e-5	65480	2.1836163984324797	1.477681826222309	0.004901768982047762	0.007570509872273766	Significant
/lustre/scratch125/casm/team113da/projects/FUR/FUR_analysis/FUR_analysis_cat/pathogen_identification/analysis/7098_3140/results/kraken2/CATD0562a_0.1.kraken	CATD0562a	7098_3140	0.99	860	860	36845	30315	S	9606	Homo sapiens	/lustre/scratch125/casm/team113da/projects/FUR/FUR_analysis/FUR_analysis_cat/pathogen_identification/analysis/7098_3140/results/krakentools/CATD0562a.kraken.mpa	Eukaryota	Metazoa	Chordata	Mammalia	Primates	Hominidae	Homo	Homo_sapiens	860	2.95	817705001	817705001	9606	3.707327210048456e-5	3.707327210048456e-5	0.03481320166957445	86700	3018.3045847521053	53.97432480858773	0	0	Significant
/lustre/scratch125/casm/team113da/projects/FUR/FUR_analysis/FUR_analysis_cat/pathogen_identification/analysis/7098_3140/results/kraken2/CATD0562a_0.1.kraken	CATD0562a	7098_3140	0	2	2	24	24	S	82633	Cupriavidus pauculus	/lustre/scratch125/casm/team113da/projects/FUR/FUR_analysis/FUR_analysis_cat/pathogen_identification/analysis/7098_3140/results/krakentools/CATD0562a.kraken.mpa	Bacteria	Pseudomonadota	Betaproteobacteria	Burkholderiales	Burkholderiaceae	Cupriavidus	Cupriavidus_pauculus	NA	2	0.02	5165360	5165360	82633	4.646336363777162e-6	4.646336363777162e-6	2.1991148293827432e-4	86700	19.066325570748383	4.366020232066949	0.12923465875244808	0.16946809025085174	Non-significant
/lustre/scratch125/casm/team113da/projects/FUR/FUR_analysis/FUR_analysis_cat/pathogen_identification/analysis/7098_3140/results/kraken2/CATD0562a_0.1.kraken	CATD0562a	7098_3140	0	1	1	18	18	S	305	Ralstonia solanacearum	/lustre/scratch125/casm/team113da/projects/FUR/FUR_analysis/FUR_analysis_cat/pathogen_identification/analysis/7098_3140/results/krakentools/CATD0562a.kraken.mpa	Bacteria	Pseudomonadota	Betaproteobacteria	Burkholderiales	Burkholderiaceae	Ralstonia	Ralstonia_solanacearum	NA	1	0.03	7613118	6415417	305	2.8057412324093665e-6	2.3643400772193468e-6	3.241230174013175e-4	86700	28.101465608694227	5.300222379944802	0.9716656155088486	1	Non-significant
/lustre/scratch125/casm/team113da/projects/FUR/FUR_analysis/FUR_analysis_cat/pathogen_identification/analysis/7098_3140/results/kraken2/CATD0562a_0.1.kraken	CATD0562a	7098_3140	0	1	0	9	9	S	261302	Paraburkholderia phytofirmans	/lustre/scratch125/casm/team113da/projects/FUR/FUR_analysis/FUR_analysis_cat/pathogen_identification/analysis/7098_3140/results/krakentools/CATD0562a.kraken.mpa	Bacteria	Pseudomonadota	Betaproteobacteria	Burkholderiales	Burkholderiaceae	Paraburkholderia	Paraburkholderia_phytofirmans	NA	1	0.01	3565309	4289	261302	0.002098391233387736	2.5243253810539282e-6	1.517904636507767e-4	86700	13.16023319852234	3.6274282350755587	0.8742848633288725	0.9722047680217063	Non-significant
/lustre/scratch125/casm/team113da/projects/FUR/FUR_analysis/FUR_analysis_cat/pathogen_identification/analysis/7098_3140/results/kraken2/CATD0562a_0.1.kraken	CATD0562a	7098_3140	0	1	1	7	7	S	2282397	Novosphingobium humi	/lustre/scratch125/casm/team113da/projects/FUR/FUR_analysis/FUR_analysis_cat/pathogen_identification/analysis/7098_3140/results/krakentools/CATD0562a.kraken.mpa	Bacteria	Pseudomonadota	Alphaproteobacteria	Sphingomonadales	Sphingomonadaceae	Novosphingobium	Novosphingobium_humi	NA	1	0	1283361	1283361	2282397	5.454427865581079e-6	5.454427865581079e-6	5.4638170554452486e-5	86700	4.737129387071031	2.1764352871123096	0.14923635713697775	0.19386779104710194	Non-significant
/lustre/scratch125/casm/team113da/projects/FUR/FUR_analysis/FUR_analysis_cat/pathogen_identification/analysis/7098_3140/results/kraken2/CATD0562a_0.1.kraken	CATD0562a	7098_3140	0	1	1	8	8	S	2726189	Novosphingobium terrae	/lustre/scratch125/casm/team113da/projects/FUR/FUR_analysis/FUR_analysis_cat/pathogen_identification/analysis/7098_3140/results/krakentools/CATD0562a.kraken.mpa	Bacteria	Pseudomonadota	Alphaproteobacteria	Sphingomonadales	Sphingomonadaceae	Novosphingobium	Novosphingobium_terrae	NA	1	0	923064	923064	2726189	8.666788001698691e-6	8.666788001698691e-6	3.929878519346866e-5	86700	3.4072046762737327	1.845825229340267	0.0064194483671758985	0.009594659387499462	Significant
/lustre/scratch125/casm/team113da/projects/FUR/FUR_analysis/FUR_analysis_cat/pathogen_identification/analysis/7098_3140/results/kraken2/CATD0562a_0.1.kraken	CATD0562a	7098_3140	0	1	1	14	14	S	2500532	Paracoccus sp. Arc7-R13	/lustre/scratch125/casm/team113da/projects/FUR/FUR_analysis/FUR_analysis_cat/pathogen_identification/analysis/7098_3140/results/krakentools/CATD0562a.kraken.mpa	Bacteria	Pseudomonadota	Alphaproteobacteria	Rhodobacterales	Paracoccaceae	Paracoccus	Paracoccus_sp._Arc7-R13	NA	1	0	398648	398648	2500532	3.5118701210090106e-5	3.5118701210090106e-5	1.6972151573245077e-5	86700	1.4714855414003483	1.2130377434872757	2.6264517454554856e-25	7.7675913323045215e-25	Significant
/lustre/scratch125/casm/team113da/projects/FUR/FUR_analysis/FUR_analysis_cat/pathogen_identification/analysis/7098_3140/results/kraken2/CATD0562a_0.1.kraken	CATD0562a	7098_3140	0	1	1	5	3	S	67294	Streptomyces filamentosus	/lustre/scratch125/casm/team113da/projects/FUR/FUR_analysis/FUR_analysis_cat/pathogen_identification/analysis/7098_3140/results/krakentools/CATD0562a.kraken.mpa	Bacteria	Actinomycetota	Actinomycetes	Kitasatosporales	Streptomycetaceae	Streptomyces	Streptomyces_filamentosus	NA	1	0	609272	609272	67294	4.923909189984112e-6	4.923909189984112e-6	2.593931672386209e-5	86700	2.2489387599588433	1.4996267615723775	0.3082446414818545	0.3860000465403403	Non-significant
/lustre/scratch125/casm/team113da/projects/FUR/FUR_analysis/FUR_analysis_cat/pathogen_identification/analysis/7098_3140/results/kraken2/CATD0562b_0.1.kraken	CATD0562b	7098_3140	1.25	899	899	35682	29168	S	9606	Homo sapiens	/lustre/scratch125/casm/team113da/projects/FUR/FUR_analysis/FUR_analysis_cat/pathogen_identification/analysis/7098_3140/results/krakentools/CATD0562b.kraken.mpa	Eukaryota	Metazoa	Chordata	Mammalia	Primates	Hominidae	Homo	Homo_sapiens	899	2.95	817705001	817705001	9606	3.567056574721866e-5	3.567056574721866e-5	0.03481320166957445	71844	2501.119660748907	49.13295917812724	0	0	Significant
/lustre/scratch125/casm/team113da/projects/FUR/FUR_analysis/FUR_analysis_cat/pathogen_identification/analysis/7098_3140/results/kraken2/CATD0562b_0.1.kraken	CATD0562b	7098_3140	0	2	2	21	21	S	76775	Malassezia restricta	/lustre/scratch125/casm/team113da/projects/FUR/FUR_analysis/FUR_analysis_cat/pathogen_identification/analysis/7098_3140/results/krakentools/CATD0562b.kraken.mpa	Eukaryota	Fungi	Basidiomycota	Malasseziomycetes	Malasseziales	Malasseziaceae	Malassezia	Malassezia_restricta	2	0.01	2324544	2324544	76775	9.034029900057817e-6	9.034029900057817e-6	9.896578712718339e-5	71844	7.1100980103653635	2.666344755263133	9.475570354767538e-8	1.9088467816125911e-7	Significant
/lustre/scratch125/casm/team113da/projects/FUR/FUR_analysis/FUR_analysis_cat/pathogen_identification/analysis/7098_3140/results/kraken2/CATD0562b_0.1.kraken	CATD0562b	7098_3140	0	2	2	14	8	S	5866	Babesia bigemina	/lustre/scratch125/casm/team113da/projects/FUR/FUR_analysis/FUR_analysis_cat/pathogen_identification/analysis/7098_3140/results/krakentools/CATD0562b.kraken.mpa	Eukaryota	Apicomplexa	Aconoidasida	Piroplasmida	Babesiidae	Babesia	Babesia_bigemina	NA	2	0.01	3591828	3591828	5866	2.2272781436082127e-6	2.2272781436082127e-6	1.5291949098208374e-4	71844	10.986347910116825	3.3143125808207436	0.8162180540826443	0.9376389216321285	Non-significant
/lustre/scratch125/casm/team113da/projects/FUR/FUR_analysis/FUR_analysis_cat/pathogen_identification/analysis/7098_3140/results/kraken2/CATD0562b_0.1.kraken	CATD0562b	7098_3140	0.07	47	47	655	476	S	59779	Paracoccus marcusii	/lustre/scratch125/casm/team113da/projects/FUR/FUR_analysis/FUR_analysis_cat/pathogen_identification/analysis/7098_3140/results/krakentools/CATD0562b.kraken.mpa	Bacteria	Pseudomonadota	Alphaproteobacteria	Rhodobacterales	Paracoccaceae	Paracoccus	Paracoccus_marcusii	NA	47	0	862270	862270	59779	5.520312663086968e-4	5.520312663086968e-4	3.671052441517838e-5	71844	2.637430916084076	1.6239870980435889	0	0	Significant
/lustre/scratch125/casm/team113da/projects/FUR/FUR_analysis/FUR_analysis_cat/pathogen_identification/analysis/7098_3140/results/kraken2/CATD0562b_0.1.kraken	CATD0562b	7098_3140	0.02	15	15	167	146	S	2500532	Paracoccus sp. Arc7-R13	/lustre/scratch125/casm/team113da/projects/FUR/FUR_analysis/FUR_analysis_cat/pathogen_identification/analysis/7098_3140/results/krakentools/CATD0562b.kraken.mpa	Bacteria	Pseudomonadota	Alphaproteobacteria	Rhodobacterales	Paracoccaceae	Paracoccus	Paracoccus_sp._Arc7-R13	NA	15	0	398648	398648	2500532	3.662378840480825e-4	3.662378840480825e-4	1.6972151573245077e-5	71844	1.2193472576282194	1.1042312088877684	0	0	Significant
/lustre/scratch125/casm/team113da/projects/FUR/FUR_analysis/FUR_analysis_cat/pathogen_identification/analysis/7098_3140/results/kraken2/CATD0562b_0.1.kraken	CATD0562b	7098_3140	0	1	1	8	8	S	1532555	Brevundimonas sp. DS20	/lustre/scratch125/casm/team113da/projects/FUR/FUR_analysis/FUR_analysis_cat/pathogen_identification/analysis/7098_3140/results/krakentools/CATD0562b.kraken.mpa	Bacteria	Pseudomonadota	Alphaproteobacteria	Caulobacterales	Caulobacteraceae	Brevundimonas	Brevundimonas_sp._DS20	NA	1	0	293575	293575	1532555	2.725027676062335e-5	2.725027676062335e-5	1.2498744250856452e-5	71844	0.897959781958531	0.9476014766708992	3.3211341090195285e-14	7.8243667992155e-14	Significant
/lustre/scratch125/casm/team113da/projects/FUR/FUR_analysis/FUR_analysis_cat/pathogen_identification/analysis/7098_3140/results/kraken2/CATD0562b_0.1.kraken	CATD0562b	7098_3140	0.01	7	7	150	99	S	34062	Moraxella osloensis	/lustre/scratch125/casm/team113da/projects/FUR/FUR_analysis/FUR_analysis_cat/pathogen_identification/analysis/7098_3140/results/krakentools/CATD0562b.kraken.mpa	Bacteria	Pseudomonadota	Gammaproteobacteria	Moraxellales	Moraxellaceae	Moraxella	Moraxella_osloensis	NA	7	0.01	3191589	3191589	34062	3.101903158583389e-5	3.101903158583389e-5	1.3587960372935944e-4	71844	9.7621342503321	3.124229148989973	9.639838086722623e-180	4.785491050194445e-179	Significant
/lustre/scratch125/casm/team113da/projects/FUR/FUR_analysis/FUR_analysis_cat/pathogen_identification/analysis/7098_3140/results/kraken2/CATD0562b_0.1.kraken	CATD0562b	7098_3140	0	3	3	40	31	S	72000	Kocuria rhizophila	/lustre/scratch125/casm/team113da/projects/FUR/FUR_analysis/FUR_analysis_cat/pathogen_identification/analysis/7098_3140/results/krakentools/CATD0562b.kraken.mpa	Bacteria	Actinomycetota	Actinomycetes	Micrococcales	Micrococcaceae	Kocuria	Kocuria_rhizophila	NA	3	0	1030016	1029288	72000	3.0117906747188347e-5	3.0096619858332297e-5	4.385218958797636e-5	71844	3.1505167087585737	1.7749305765867467	8.78838444871119e-56	3.4902441096310155e-55	Significant
/lustre/scratch125/casm/team113da/projects/FUR/FUR_analysis/FUR_analysis_cat/pathogen_identification/analysis/7098_3140/results/kraken2/CATD0562b_0.1.kraken	CATD0562b	7098_3140	0	2	2	33	18	S	37923	Rothia kristinae	/lustre/scratch125/casm/team113da/projects/FUR/FUR_analysis/FUR_analysis_cat/pathogen_identification/analysis/7098_3140/results/krakentools/CATD0562b.kraken.mpa	Bacteria	Actinomycetota	Actinomycetes	Micrococcales	Micrococcaceae	Rothia	Rothia_kristinae	NA	2	0	1115043	1115043	37923	1.614287520750321e-5	1.614287520750321e-5	4.747215289349479e-5	71844	3.4105893524802395	1.8467342647119107	1.393245752435003e-15	3.397564203306411e-15	Significant
/lustre/scratch125/casm/team113da/projects/FUR/FUR_analysis/FUR_analysis_cat/pathogen_identification/analysis/7098_3140/results/kraken2/CATD0562b_0.1.kraken	CATD0562b	7098_3140	0	2	2	30	30	S	1274	Dermacoccus nishinomiyaensis	/lustre/scratch125/casm/team113da/projects/FUR/FUR_analysis/FUR_analysis_cat/pathogen_identification/analysis/7098_3140/results/krakentools/CATD0562b.kraken.mpa	Bacteria	Actinomycetota	Actinomycetes	Micrococcales	Dermacoccaceae	Dermacoccus	Dermacoccus_nishinomiyaensis	NA	2	0	1149573	1149573	1274	2.609664631998142e-5	2.609664631998142e-5	4.89422427818779e-5	71844	3.516206490421236	1.8751091699923796	1.3535841760631187e-45	5.0850864992641484e-45	Significant
/lustre/scratch125/casm/team113da/projects/FUR/FUR_analysis/FUR_analysis_cat/pathogen_identification/analysis/7098_3140/results/kraken2/CATD0562b_0.1.kraken	CATD0562b	7098_3140	0.01	5	5	104	63	S	156976	Corynebacterium riegelii	/lustre/scratch125/casm/team113da/projects/FUR/FUR_analysis/FUR_analysis_cat/pathogen_identification/analysis/7098_3140/results/krakentools/CATD0562b.kraken.mpa	Bacteria	Actinomycetota	Actinomycetes	Mycobacteriales	Corynebacteriaceae	Corynebacterium	Corynebacterium_riegelii	NA	5	0	1031985	1031985	156976	6.10473989447521e-5	6.10473989447521e-5	4.39360183452954e-5	71844	3.1565393019994024	1.776626189222348	4.996864750429533e-249	2.894017501290438e-248	Significant
/lustre/scratch125/casm/team113da/projects/FUR/FUR_analysis/FUR_analysis_cat/pathogen_identification/analysis/7098_3140/results/kraken2/CATD0562b_0.1.kraken	CATD0562b	7098_3140	0	1	1	16	16	S	1232427	Corynebacterium ihumii	/lustre/scratch125/casm/team113da/projects/FUR/FUR_analysis/FUR_analysis_cat/pathogen_identification/analysis/7098_3140/results/krakentools/CATD0562b.kraken.mpa	Bacteria	Actinomycetota	Actinomycetes	Mycobacteriales	Corynebacteriaceae	Corynebacterium	Corynebacterium_ihumii	NA	1	0	594751	594751	1232427	2.690201445647002e-5	2.690201445647002e-5	2.532109560398919e-5	71844	1.8191687925729993	1.348748578952387	3.72073352486175e-26	1.124308608599529e-25	Significant
/lustre/scratch125/casm/team113da/projects/FUR/FUR_analysis/FUR_analysis_cat/pathogen_identification/analysis/7098_3140/results/kraken2/CATD0562b_0.1.kraken	CATD0562b	7098_3140	0	1	1	9	8	S	712270	Dietzia sp. oral taxon 368	/lustre/scratch125/casm/team113da/projects/FUR/FUR_analysis/FUR_analysis_cat/pathogen_identification/analysis/7098_3140/results/krakentools/CATD0562b.kraken.mpa	Bacteria	Actinomycetota	Actinomycetes	Mycobacteriales	Dietziaceae	Dietzia	Dietzia_sp._oral_taxon_368	NA	1	0	754101	754101	712270	1.0608658521869087e-5	1.0608658521869087e-5	3.2105307121911275e-5	71844	2.306573684866594	1.518716442134621	8.882686795542874e-5	1.5829403392057174e-4	Significant
/lustre/scratch125/casm/team113da/projects/FUR/FUR_analysis/FUR_analysis_cat/pathogen_identification/analysis/7098_3140/results/kraken2/CATD0562b_0.1.kraken	CATD0562b	7098_3140	0.01	8	8	147	93	S	1747	Cutibacterium acnes	/lustre/scratch125/casm/team113da/projects/FUR/FUR_analysis/FUR_analysis_cat/pathogen_identification/analysis/7098_3140/results/krakentools/CATD0562b.kraken.mpa	Bacteria	Actinomycetota	Actinomycetes	Propionibacteriales	Propionibacteriaceae	Cutibacterium	Cutibacterium_acnes	NA	8	0	1372586	1299736	1747	7.155299229997477e-5	6.775531733530722e-5	5.8436860687408857e-5	71844	4.198337819226202	2.0489247134885025	0	0	Significant
/lustre/scratch125/casm/team113da/projects/FUR/FUR_analysis/FUR_analysis_cat/pathogen_identification/analysis/7098_3140/results/kraken2/CATD0562b_0.1.kraken	CATD0562b	7098_3140	0	1	1	8	4	S	67294	Streptomyces filamentosus	/lustre/scratch125/casm/team113da/projects/FUR/FUR_analysis/FUR_analysis_cat/pathogen_identification/analysis/7098_3140/results/krakentools/CATD0562b.kraken.mpa	Bacteria	Actinomycetota	Actinomycetes	Kitasatosporales	Streptomycetaceae	Streptomyces	Streptomyces_filamentosus	NA	1	0	609272	609272	67294	6.56521225331215e-6	6.56521225331215e-6	2.593931672386209e-5	71844	1.863584270709148	1.365113889243864	0.058790381779663545	0.08011630458209051	Non-significant
/lustre/scratch125/casm/team113da/projects/FUR/FUR_analysis/FUR_analysis_cat/pathogen_identification/analysis/7098_3140/results/kraken2/CATD0562b_0.1.kraken	CATD0562b	7098_3140	0	2	2	51	26	S	489910	Nosocomiicoccus ampullae	/lustre/scratch125/casm/team113da/projects/FUR/FUR_analysis/FUR_analysis_cat/pathogen_identification/analysis/7098_3140/results/krakentools/CATD0562b.kraken.mpa	Bacteria	Bacillota	Bacilli	Bacillales	Staphylococcaceae	Nosocomiicoccus	Nosocomiicoccus_ampullae	NA	2	0	657105	657105	489910	3.956749682318655e-5	3.956749682318655e-5	2.79757722590787e-5	71844	2.00989138218125	1.4176865499530127	1.5483459061090566e-64	6.330002380857613e-64	Significant
/lustre/scratch125/casm/team113da/projects/FUR/FUR_analysis/FUR_analysis_cat/pathogen_identification/analysis/7098_3140/results/kraken2/CATD0565a_0.1.kraken	CATD0565a	7098_3140	1.07	758	758	30999	24867	S	9606	Homo sapiens	/lustre/scratch125/casm/team113da/projects/FUR/FUR_analysis/FUR_analysis_cat/pathogen_identification/analysis/7098_3140/results/krakentools/CATD0565a.kraken.mpa	Eukaryota	Metazoa	Chordata	Mammalia	Primates	Hominidae	Homo	Homo_sapiens	758	2.95	817705001	817705001	9606	3.0410722656201537e-5	3.0410722656201537e-5	0.03481320166957445	70684	2460.7363468122007	48.73469232605225	0	0	Significant
/lustre/scratch125/casm/team113da/projects/FUR/FUR_analysis/FUR_analysis_cat/pathogen_identification/analysis/7098_3140/results/kraken2/CATD0565a_0.1.kraken	CATD0565a	7098_3140	0.01	4	4	99	95	S	76775	Malassezia restricta	/lustre/scratch125/casm/team113da/projects/FUR/FUR_analysis/FUR_analysis_cat/pathogen_identification/analysis/7098_3140/results/krakentools/CATD0565a.kraken.mpa	Eukaryota	Fungi	Basidiomycota	Malasseziomycetes	Malasseziales	Malasseziaceae	Malassezia	Malassezia_restricta	4	0.01	2324544	2324544	76775	4.086823050026156e-5	4.086823050026156e-5	9.896578712718339e-5	70684	6.995297697297831	2.6447316314051657	4.370538542647977e-243	2.336557143954111e-242	Significant
/lustre/scratch125/casm/team113da/projects/FUR/FUR_analysis/FUR_analysis_cat/pathogen_identification/analysis/7098_3140/results/kraken2/CATD0565a_0.1.kraken	CATD0565a	7098_3140	0.01	7	7	99	22	S	488447	Burkholderia contaminans	/lustre/scratch125/casm/team113da/projects/FUR/FUR_analysis/FUR_analysis_cat/pathogen_identification/analysis/7098_3140/results/krakentools/CATD0565a.kraken.mpa	Bacteria	Pseudomonadota	Betaproteobacteria	Burkholderiales	Burkholderiaceae	Burkholderia	Burkholderia_contaminans	NA	7	0.02	4526522	4526522	488447	4.8602436926187476e-6	4.8602436926187476e-6	1.927134150519467e-4	70684	13.621755029531801	3.6904105374065175	0.011595466350673576	0.01661618373962502	Significant
/lustre/scratch125/casm/team113da/projects/FUR/FUR_analysis/FUR_analysis_cat/pathogen_identification/analysis/7098_3140/results/kraken2/CATD0565a_0.1.kraken	CATD0565a	7098_3140	0.01	6	6	146	108	S	101571	Burkholderia ubonensis	/lustre/scratch125/casm/team113da/projects/FUR/FUR_analysis/FUR_analysis_cat/pathogen_identification/analysis/7098_3140/results/krakentools/CATD0565a.kraken.mpa	Bacteria	Pseudomonadota	Betaproteobacteria	Burkholderiales	Burkholderiaceae	Burkholderia	Burkholderia_ubonensis	NA	6	0.02	4860542	3518383	101571	3.069591911966378e-5	2.2219744217825914e-5	2.0693407605738338e-4	70684	14.626928232040086	3.8241209999372185	5.660643376668194e-132	2.62276476452293e-131	Significant
/lustre/scratch125/casm/team113da/projects/FUR/FUR_analysis/FUR_analysis_cat/pathogen_identification/analysis/7098_3140/results/kraken2/CATD0565a_0.1.kraken	CATD0565a	7098_3140	0	1	1	13	12	S	60550	Burkholderia pyrrocinia	/lustre/scratch125/casm/team113da/projects/FUR/FUR_analysis/FUR_analysis_cat/pathogen_identification/analysis/7098_3140/results/krakentools/CATD0565a.kraken.mpa	Bacteria	Pseudomonadota	Betaproteobacteria	Burkholderiales	Burkholderiaceae	Burkholderia	Burkholderia_pyrrocinia	NA	1	0.01	3827893	3827893	60550	3.134883864308642e-6	3.134883864308642e-6	1.629697883901683e-4	70684	11.519356522570657	3.393741182747409	0.4436875412019528	0.5316600709230297	Non-significant
/lustre/scratch125/casm/team113da/projects/FUR/FUR_analysis/FUR_analysis_cat/pathogen_identification/analysis/7098_3140/results/kraken2/CATD0565a_0.1.kraken	CATD0565a	7098_3140	0	1	1	16	13	S	1385591	Burkholderia mayonis	/lustre/scratch125/casm/team113da/projects/FUR/FUR_analysis/FUR_analysis_cat/pathogen_identification/analysis/7098_3140/results/krakentools/CATD0565a.kraken.mpa	Bacteria	Pseudomonadota	Betaproteobacteria	Burkholderiales	Burkholderiaceae	Burkholderia	Burkholderia_mayonis	NA	1	0.01	1807184	1807184	1385591	7.193512116087792e-6	7.193512116087792e-6	7.693955762663636e-5	70684	5.438395691281165	2.331947097067701	5.921927688228168e-4	9.917445164623075e-4	Significant
/lustre/scratch125/casm/team113da/projects/FUR/FUR_analysis/FUR_analysis_cat/pathogen_identification/analysis/7098_3140/results/kraken2/CATD0565a_0.1.kraken	CATD0565a	7098_3140	0	1	1	7	7	S	2811788	Burkholderia sp. MS455	/lustre/scratch125/casm/team113da/projects/FUR/FUR_analysis/FUR_analysis_cat/pathogen_identification/analysis/7098_3140/results/krakentools/CATD0565a.kraken.mpa	Bacteria	Pseudomonadota	Betaproteobacteria	Burkholderiales	Burkholderiaceae	Burkholderia	Burkholderia_sp._MS455	NA	1	0	695033	695033	2811788	1.0071464232633559e-5	1.0071464232633559e-5	2.9590529550900156e-5	70684	2.0915769907758266	1.4462071428066843	3.4440197031508494e-4	5.838033399243513e-4	Significant
/lustre/scratch125/casm/team113da/projects/FUR/FUR_analysis/FUR_analysis_cat/pathogen_identification/analysis/7098_3140/results/kraken2/CATD0565a_0.1.kraken	CATD0565a	7098_3140	0.01	8	8	92	79	S	2026199	Paraburkholderia aromaticivorans	/lustre/scratch125/casm/team113da/projects/FUR/FUR_analysis/FUR_analysis_cat/pathogen_identification/analysis/7098_3140/results/krakentools/CATD0565a.kraken.mpa	Bacteria	Pseudomonadota	Betaproteobacteria	Burkholderiales	Burkholderiaceae	Paraburkholderia	Paraburkholderia_aromaticivorans	NA	8	0.01	4149924	4149924	2026199	1.903649319842966e-5	1.903649319842966e-5	1.7668002635269083e-4	70684	12.488450982713598	3.53358805223032	2.4621485940620842e-79	1.0370868320443323e-78	Significant
/lustre/scratch125/casm/team113da/projects/FUR/FUR_analysis/FUR_analysis_cat/pathogen_identification/analysis/7098_3140/results/kraken2/CATD0565a_0.1.kraken	CATD0565a	7098_3140	0.01	7	7	86	45	S	134537	Paraburkholderia fungorum	/lustre/scratch125/casm/team113da/projects/FUR/FUR_analysis/FUR_analysis_cat/pathogen_identification/analysis/7098_3140/results/krakentools/CATD0565a.kraken.mpa	Bacteria	Pseudomonadota	Betaproteobacteria	Burkholderiales	Burkholderiaceae	Paraburkholderia	Paraburkholderia_fungorum	NA	7	0.01	3762150	3762150	134537	1.1961245564371437e-5	1.1961245564371437e-5	1.6017082750016044e-4	70684	11.321514771021342	3.3644763923427834	6.88604337823141e-24	1.9940833949461795e-23	Significant
/lustre/scratch125/casm/team113da/projects/FUR/FUR_analysis/FUR_analysis_cat/pathogen_identification/analysis/7098_3140/results/kraken2/CATD0565a_0.1.kraken	CATD0565a	7098_3140	0	2	0	38	35	S	261302	Paraburkholderia phytofirmans	/lustre/scratch125/casm/team113da/projects/FUR/FUR_analysis/FUR_analysis_cat/pathogen_identification/analysis/7098_3140/results/krakentools/CATD0565a.kraken.mpa	Bacteria	Pseudomonadota	Betaproteobacteria	Burkholderiales	Burkholderiaceae	Paraburkholderia	Paraburkholderia_phytofirmans	NA	2	0.01	3565309	4289	261302	0.008160410352063418	9.816820926320832e-6	1.517904636507767e-4	70684	10.7291571326915	3.275290605267836	6.301326738165982e-14	1.4358760927951992e-13	Significant
/lustre/scratch125/casm/team113da/projects/FUR/FUR_analysis/FUR_analysis_cat/pathogen_identification/analysis/7098_3140/results/kraken2/CATD0565a_0.1.kraken	CATD0565a	7098_3140	0	1	1	4	4	S	420953	Paraburkholderia megapolitana	/lustre/scratch125/casm/team113da/projects/FUR/FUR_analysis/FUR_analysis_cat/pathogen_identification/analysis/7098_3140/results/krakentools/CATD0565a.kraken.mpa	Bacteria	Pseudomonadota	Betaproteobacteria	Burkholderiales	Burkholderiaceae	Paraburkholderia	Paraburkholderia_megapolitana	NA	1	0.01	2110008	2110008	420953	1.895727409564324e-6	1.895727409564324e-6	8.983207139320828e-5	70684	6.349690134357535	2.519745965080619	0.8244636764417905	0.939347959224663	Non-significant
/lustre/scratch125/casm/team113da/projects/FUR/FUR_analysis/FUR_analysis_cat/pathogen_identification/analysis/7098_3140/results/kraken2/CATD0565a_0.1.kraken	CATD0565a	7098_3140	0.01	7	7	127	79	S	119219	Cupriavidus metallidurans	/lustre/scratch125/casm/team113da/projects/FUR/FUR_analysis/FUR_analysis_cat/pathogen_identification/analysis/7098_3140/results/krakentools/CATD0565a.kraken.mpa	Bacteria	Pseudomonadota	Betaproteobacteria	Burkholderiales	Burkholderiaceae	Cupriavidus	Cupriavidus_metallidurans	NA	7	0.01	3235080	3233698	119219	2.4430234363258413e-5	2.4419797964810762e-5	1.3773120174081816e-4	70684	9.73539226384799	3.1199441335658675	1.6947740719053718e-109	7.599148257898279e-109	Significant
/lustre/scratch125/casm/team113da/projects/FUR/FUR_analysis/FUR_analysis_cat/pathogen_identification/analysis/7098_3140/results/kraken2/CATD0565a_0.1.kraken	CATD0565a	7098_3140	0.01	4	4	71	71	S	2839983	Cupriavidus sp. EM10	/lustre/scratch125/casm/team113da/projects/FUR/FUR_analysis/FUR_analysis_cat/pathogen_identification/analysis/7098_3140/results/krakentools/CATD0565a.kraken.mpa	Bacteria	Pseudomonadota	Betaproteobacteria	Burkholderiales	Burkholderiaceae	Cupriavidus	Cupriavidus_sp._EM10	NA	4	0.01	1433718	1433718	2839983	4.952159350723085e-5	4.952159350723085e-5	6.103951157233897e-5	70684	4.314516835979208	2.0770781111886163	1.8515518604748337e-226	9.532063281703774e-226	Significant
/lustre/scratch125/casm/team113da/projects/FUR/FUR_analysis/FUR_analysis_cat/pathogen_identification/analysis/7098_3140/results/kraken2/CATD0565a_0.1.kraken	CATD0565a	7098_3140	0	1	1	8	8	S	863372	Herbaspirillum huttiense	/lustre/scratch125/casm/team113da/projects/FUR/FUR_analysis/FUR_analysis_cat/pathogen_identification/analysis/7098_3140/results/krakentools/CATD0565a.kraken.mpa	Bacteria	Pseudomonadota	Betaproteobacteria	Burkholderiales	Oxalobacteraceae	Herbaspirillum	Herbaspirillum_huttiense	NA	1	0.01	2210904	2210904	863372	3.618429384541346e-6	3.618429384541346e-6	9.412764594803896e-5	70684	6.653318526191185	2.5792813466119924	0.3007951324674245	0.3800956673906546	Non-significant
/lustre/scratch125/casm/team113da/projects/FUR/FUR_analysis/FUR_analysis_cat/pathogen_identification/analysis/7098_3140/results/kraken2/CATD0565a_0.1.kraken	CATD0565a	7098_3140	0.01	5	5	50	46	S	3025670	Novosphingobium sp. KACC 22771	/lustre/scratch125/casm/team113da/projects/FUR/FUR_analysis/FUR_analysis_cat/pathogen_identification/analysis/7098_3140/results/krakentools/CATD0565a.kraken.mpa	Bacteria	Pseudomonadota	Alphaproteobacteria	Sphingomonadales	Sphingomonadaceae	Novosphingobium	Novosphingobium_sp._KACC_22771	NA	5	0	1328683	1328683	3025670	3.462074851563541e-5	3.462074851563541e-5	5.656772207259032e-5	70684	3.998432866978974	1.9995516209240083	2.9212146321179236e-98	1.268902605826223e-97	Significant
/lustre/scratch125/casm/team113da/projects/FUR/FUR_analysis/FUR_analysis_cat/pathogen_identification/analysis/7098_3140/results/kraken2/CATD0565a_0.1.kraken	CATD0565a	7098_3140	0.01	4	4	72	57	S	2282397	Novosphingobium humi	/lustre/scratch125/casm/team113da/projects/FUR/FUR_analysis/FUR_analysis_cat/pathogen_identification/analysis/7098_3140/results/krakentools/CATD0565a.kraken.mpa	Bacteria	Pseudomonadota	Alphaproteobacteria	Sphingomonadales	Sphingomonadaceae	Novosphingobium	Novosphingobium_humi	NA	4	0	1283361	1283361	2282397	4.4414626905445936e-5	4.4414626905445936e-5	5.4638170554452486e-5	70684	3.8620444474709195	1.9651548113132742	2.4978898420790494e-161	1.197264441548234e-160	Significant
/lustre/scratch125/casm/team113da/projects/FUR/FUR_analysis/FUR_analysis_cat/pathogen_identification/analysis/7098_3140/results/kraken2/CATD0565a_0.1.kraken	CATD0565a	7098_3140	0	1	1	9	9	S	2565555	Sphingomonas sp. PAMC26645	/lustre/scratch125/casm/team113da/projects/FUR/FUR_analysis/FUR_analysis_cat/pathogen_identification/analysis/7098_3140/results/krakentools/CATD0565a.kraken.mpa	Bacteria	Pseudomonadota	Alphaproteobacteria	Sphingomonadales	Sphingomonadaceae	Sphingomonas	Sphingomonas_sp._PAMC26645	NA	1	0	1137466	1137466	2565555	7.912324412334083e-6	7.912324412334083e-6	4.8426795973923824e-5	70684	3.4229996466208314	1.8500902361007492	0.0012872377476174145	0.002105012316692007	Significant
/lustre/scratch125/casm/team113da/projects/FUR/FUR_analysis/FUR_analysis_cat/pathogen_identification/analysis/7098_3140/results/kraken2/CATD0565a_0.1.kraken	CATD0565a	7098_3140	0	2	2	30	17	S	223967	Methylorubrum populi	/lustre/scratch125/casm/team113da/projects/FUR/FUR_analysis/FUR_analysis_cat/pathogen_identification/analysis/7098_3140/results/krakentools/CATD0565a.kraken.mpa	Bacteria	Pseudomonadota	Alphaproteobacteria	Hyphomicrobiales	Methylobacteriaceae	Methylorubrum	Methylorubrum_populi	NA	2	0.01	3075794	2480089	223967	6.854592718245192e-6	5.527028142977066e-6	1.3094971497681606e-4	70684	9.256049653421266	3.0421764538496676	0.005455604943312224	0.008333286671652737	Significant
/lustre/scratch125/casm/team113da/projects/FUR/FUR_analysis/FUR_analysis_cat/pathogen_identification/analysis/7098_3140/results/kraken2/CATD0565a_0.1.kraken	CATD0565a	7098_3140	0	1	1	6	6	S	2082387	Mesorhizobium sp. Pch-S	/lustre/scratch125/casm/team113da/projects/FUR/FUR_analysis/FUR_analysis_cat/pathogen_identification/analysis/7098_3140/results/krakentools/CATD0565a.kraken.mpa	Bacteria	Pseudomonadota	Alphaproteobacteria	Hyphomicrobiales	Phyllobacteriaceae	Mesorhizobium	Mesorhizobium_sp._Pch-S	NA	1	0.01	1870080	1870080	2082387	3.208418891170431e-6	3.208418891170431e-6	7.96173095414856e-5	70684	5.627669907630368	2.372176605502494	0.4376393072222673	0.5289727278599579	Non-significant
/lustre/scratch125/casm/team113da/projects/FUR/FUR_analysis/FUR_analysis_cat/pathogen_identification/analysis/7098_3140/results/kraken2/CATD0565a_0.1.kraken	CATD0565a	7098_3140	0	1	1	9	9	S	59779	Paracoccus marcusii	/lustre/scratch125/casm/team113da/projects/FUR/FUR_analysis/FUR_analysis_cat/pathogen_identification/analysis/7098_3140/results/krakentools/CATD0565a.kraken.mpa	Bacteria	Pseudomonadota	Alphaproteobacteria	Rhodobacterales	Paracoccaceae	Paracoccus	Paracoccus_marcusii	NA	1	0	862270	862270	59779	1.0437565959618218e-5	1.0437565959618218e-5	3.671052441517838e-5	70684	2.5948467077624686	1.6108232210826394	3.4994535987525295e-5	6.485654003021354e-5	Significant
/lustre/scratch125/casm/team113da/projects/FUR/FUR_analysis/FUR_analysis_cat/pathogen_identification/analysis/7098_3140/results/kraken2/CATD0565a_0.1.kraken	CATD0565a	7098_3140	0	1	1	5	5	S	1526572	Aquisalinus flavus	/lustre/scratch125/casm/team113da/projects/FUR/FUR_analysis/FUR_analysis_cat/pathogen_identification/analysis/7098_3140/results/krakentools/CATD0565a.kraken.mpa	Bacteria	Pseudomonadota	Alphaproteobacteria	Parvularculales	Parvularculaceae	Aquisalinus	Aquisalinus_flavus	NA	1	0	954722	954722	1526572	5.237126619057694e-6	5.237126619057694e-6	4.0646601749693175e-5	70684	2.8730643980753126	1.6949771732300476	0.10476730548026036	0.14002553328611722	Non-significant
/lustre/scratch125/casm/team113da/projects/FUR/FUR_analysis/FUR_analysis_cat/pathogen_identification/analysis/7098_3140/results/kraken2/CATD0565a_0.1.kraken	CATD0565a	7098_3140	0	1	1	18	18	S	2855434	Pseudomonas sp. AO-1	/lustre/scratch125/casm/team113da/projects/FUR/FUR_analysis/FUR_analysis_cat/pathogen_identification/analysis/7098_3140/results/krakentools/CATD0565a.kraken.mpa	Bacteria	Pseudomonadota	Gammaproteobacteria	Pseudomonadales	Pseudomonadaceae	Pseudomonas	Pseudomonas_sp._AO-1	NA	1	0	587552	587552	2855434	3.063558629704265e-5	3.063558629704265e-5	2.501460336227271e-5	70684	1.7681322240588841	1.3296946998964114	1.4223193396759586e-34	5.202694426709427e-34	Significant
/lustre/scratch125/casm/team113da/projects/FUR/FUR_analysis/FUR_analysis_cat/pathogen_identification/analysis/7098_3140/results/kraken2/CATD0565a_0.1.kraken	CATD0565a	7098_3140	0.05	32	31	684	480	S	1747	Cutibacterium acnes	/lustre/scratch125/casm/team113da/projects/FUR/FUR_analysis/FUR_analysis_cat/pathogen_identification/analysis/7098_3140/results/krakentools/CATD0565a.kraken.mpa	Bacteria	Actinomycetota	Actinomycetes	Propionibacteriales	Propionibacteriaceae	Cutibacterium	Cutibacterium_acnes	NA	32	0	1372586	1299736	1747	3.6930576670954714e-4	3.497048636661018e-4	5.8436860687408857e-5	70684	4.130551060828807	2.032316334725454	0	0	Significant
/lustre/scratch125/casm/team113da/projects/FUR/FUR_analysis/FUR_analysis_cat/pathogen_identification/analysis/7098_3140/results/kraken2/CATD0565a_0.1.kraken	CATD0565a	7098_3140	0	1	1	7	7	S	33011	Cutibacterium granulosum	/lustre/scratch125/casm/team113da/projects/FUR/FUR_analysis/FUR_analysis_cat/pathogen_identification/analysis/7098_3140/results/krakentools/CATD0565a.kraken.mpa	Bacteria	Actinomycetota	Actinomycetes	Propionibacteriales	Propionibacteriaceae	Cutibacterium	Cutibacterium_granulosum	NA	1	0	638563	638563	33011	1.0962113370176475e-5	1.0962113370176475e-5	2.7186359959327767e-5	70684	1.9216406673651238	1.3862137010397164	1.2440822261616647e-4	2.1615928679558926e-4	Significant
/lustre/scratch125/casm/team113da/projects/FUR/FUR_analysis/FUR_analysis_cat/pathogen_identification/analysis/7098_3140/results/kraken2/CATD0565a_0.1.kraken	CATD0565a	7098_3140	0.01	4	1	48	24	S	110937	Rathayibacter festucae	/lustre/scratch125/casm/team113da/projects/FUR/FUR_analysis/FUR_analysis_cat/pathogen_identification/analysis/7098_3140/results/krakentools/CATD0565a.kraken.mpa	Bacteria	Actinomycetota	Actinomycetes	Micrococcales	Microbacteriaceae	Rathayibacter	Rathayibacter_festucae	NA	4	0	1094647	733299	110937	3.272880503041733e-5	2.1924876238641316e-5	4.660380787862476e-5	70684	3.2941435560927124	1.814935270597632	1.894051549766869e-30	6.421296717502312e-30	Significant
/lustre/scratch125/casm/team113da/projects/FUR/FUR_analysis/FUR_analysis_cat/pathogen_identification/analysis/7098_3140/results/kraken2/CATD0565a_0.1.kraken	CATD0565a	7098_3140	0	2	2	14	7	S	556325	Neomicrococcus aestuarii	/lustre/scratch125/casm/team113da/projects/FUR/FUR_analysis/FUR_analysis_cat/pathogen_identification/analysis/7098_3140/results/krakentools/CATD0565a.kraken.mpa	Bacteria	Actinomycetota	Actinomycetes	Micrococcales	Micrococcaceae	Neomicrococcus	Neomicrococcus_aestuarii	NA	2	0	824307	824307	556325	8.49198174951808e-6	8.49198174951808e-6	3.5094277023556946e-5	70684	2.4806038771330994	1.5749656574457265	0.0020554739034778615	0.003284033018200261	Significant
/lustre/scratch125/casm/team113da/projects/FUR/FUR_analysis/FUR_analysis_cat/pathogen_identification/analysis/7098_3140/results/kraken2/CATD0565a_0.1.kraken	CATD0565a	7098_3140	0	1	1	5	5	S	2575923	Brevibacterium sp. CS2	/lustre/scratch125/casm/team113da/projects/FUR/FUR_analysis/FUR_analysis_cat/pathogen_identification/analysis/7098_3140/results/krakentools/CATD0565a.kraken.mpa	Bacteria	Actinomycetota	Actinomycetes	Micrococcales	Brevibacteriaceae	Brevibacterium	Brevibacterium_sp._CS2	NA	1	0	885119	885119	2575923	5.648957936729412e-6	5.648957936729412e-6	3.768330413888721e-5	70684	2.6636066697531033	1.6320252131180022	0.07613038995823732	0.10273906994364065	Non-significant
/lustre/scratch125/casm/team113da/projects/FUR/FUR_analysis/FUR_analysis_cat/pathogen_identification/analysis/7098_3140/results/kraken2/CATD0565a_0.1.kraken	CATD0565a	7098_3140	0	2	2	24	12	S	161879	Corynebacterium kroppenstedtii	/lustre/scratch125/casm/team113da/projects/FUR/FUR_analysis/FUR_analysis_cat/pathogen_identification/analysis/7098_3140/results/krakentools/CATD0565a.kraken.mpa	Bacteria	Actinomycetota	Actinomycetes	Mycobacteriales	Corynebacteriaceae	Corynebacterium	Corynebacterium_kroppenstedtii	NA	2	0.01	1959488	1958998	161879	6.125580526371134e-6	6.124048731097103e-6	8.342379076768189e-5	70684	5.8967272266228266	2.428216485259183	0.005977333374905942	0.009030971077303543	Significant
/lustre/scratch125/casm/team113da/projects/FUR/FUR_analysis/FUR_analysis_cat/pathogen_identification/analysis/7098_3140/results/kraken2/CATD0565a_0.1.kraken	CATD0565a	7098_3140	0	2	2	28	14	S	37637	Corynebacterium pseudodiphtheriticum	/lustre/scratch125/casm/team113da/projects/FUR/FUR_analysis/FUR_analysis_cat/pathogen_identification/analysis/7098_3140/results/krakentools/CATD0565a.kraken.mpa	Bacteria	Actinomycetota	Actinomycetes	Mycobacteriales	Corynebacteriaceae	Corynebacterium	Corynebacterium_pseudodiphtheriticum	NA	2	0	1003427	1003427	37637	1.3952185859060999e-5	1.3952185859060999e-5	4.272018205706936e-5	70684	3.0196333485218907	1.7376721063639986	1.3162249714090455e-10	2.772049560997838e-10	Significant
/lustre/scratch125/casm/team113da/projects/FUR/FUR_analysis/FUR_analysis_cat/pathogen_identification/analysis/7098_3140/results/kraken2/CATD0565a_0.1.kraken	CATD0565a	7098_3140	0	1	1	6	6	S	1751095	Flavobacterium ammoniigenes	/lustre/scratch125/casm/team113da/projects/FUR/FUR_analysis/FUR_analysis_cat/pathogen_identification/analysis/7098_3140/results/krakentools/CATD0565a.kraken.mpa	Bacteria	Bacteroidota	Flavobacteriia	Flavobacteriales	Flavobacteriaceae	Flavobacterium	Flavobacterium_ammoniigenes	NA	1	0	601879	601879	1751095	9.968781100520203e-6	9.968781100520203e-6	2.5624565071825703e-5	70684	1.811246757536928	1.345808435523618	9.277264048044324e-4	0.0015351663127120964	Significant
/lustre/scratch125/casm/team113da/projects/FUR/FUR_analysis/FUR_analysis_cat/pathogen_identification/analysis/7098_3140/results/kraken2/CATD0565b_0.1.kraken	CATD0565b	7098_3140	1.07	1154	1154	47403	35786	S	9606	Homo sapiens	/lustre/scratch125/casm/team113da/projects/FUR/FUR_analysis/FUR_analysis_cat/pathogen_identification/analysis/7098_3140/results/krakentools/CATD0565b.kraken.mpa	Eukaryota	Metazoa	Chordata	Mammalia	Primates	Hominidae	Homo	Homo_sapiens	1154	2.95	817705001	817705001	9606	4.37639490479281e-5	4.37639490479281e-5	0.03481320166957445	107570	3744.856103596124	60.12059275188573	0	0	Significant
/lustre/scratch125/casm/team113da/projects/FUR/FUR_analysis/FUR_analysis_cat/pathogen_identification/analysis/7098_3140/results/kraken2/CATD0565b_0.1.kraken	CATD0565b	7098_3140	0	1	0	16	16	S	4932	Saccharomyces cerevisiae	/lustre/scratch125/casm/team113da/projects/FUR/FUR_analysis/FUR_analysis_cat/pathogen_identification/analysis/7098_3140/results/krakentools/CATD0565b.kraken.mpa	Eukaryota	Fungi	Ascomycota	Saccharomycetes	Saccharomycetales	Saccharomycetaceae	Saccharomyces	Saccharomyces_cerevisiae	1	0.01	3148957	0	4932	Inf	5.0810474706386906e-06	1.3406457702442028e-4	107570	14.42132655051689	3.79728760584088	0.3388011842881252	0.42047646978615544	Non-significant
/lustre/scratch125/casm/team113da/projects/FUR/FUR_analysis/FUR_analysis_cat/pathogen_identification/analysis/7098_3140/results/kraken2/CATD0565b_0.1.kraken	CATD0565b	7098_3140	0	2	2	46	23	S	119219	Cupriavidus metallidurans	/lustre/scratch125/casm/team113da/projects/FUR/FUR_analysis/FUR_analysis_cat/pathogen_identification/analysis/7098_3140/results/krakentools/CATD0565b.kraken.mpa	Bacteria	Pseudomonadota	Betaproteobacteria	Burkholderiales	Burkholderiaceae	Cupriavidus	Cupriavidus_metallidurans	NA	2	0.01	3235080	3233698	119219	7.112599877910677e-6	7.109561432793007e-6	1.3773120174081816e-4	107570	14.815745371259808	3.848857594253799	0.016734510082001285	0.023735682667328353	Significant
/lustre/scratch125/casm/team113da/projects/FUR/FUR_analysis/FUR_analysis_cat/pathogen_identification/analysis/7098_3140/results/kraken2/CATD0565b_0.1.kraken	CATD0565b	7098_3140	0	1	0	14	14	S	261302	Paraburkholderia phytofirmans	/lustre/scratch125/casm/team113da/projects/FUR/FUR_analysis/FUR_analysis_cat/pathogen_identification/analysis/7098_3140/results/krakentools/CATD0565b.kraken.mpa	Bacteria	Pseudomonadota	Betaproteobacteria	Burkholderiales	Burkholderiaceae	Paraburkholderia	Paraburkholderia_phytofirmans	NA	1	0.01	3565309	4289	261302	0.0032641641408253674	3.926728370528333e-6	1.517904636507767e-4	107570	16.32810017491405	4.040497707587267	0.7177571033093723	0.8372164580684317	Non-significant
/lustre/scratch125/casm/team113da/projects/FUR/FUR_analysis/FUR_analysis_cat/pathogen_identification/analysis/7098_3140/results/kraken2/CATD0565b_0.1.kraken	CATD0565b	7098_3140	0	1	1	10	10	S	2708117	Capnocytophaga endodontalis	/lustre/scratch125/casm/team113da/projects/FUR/FUR_analysis/FUR_analysis_cat/pathogen_identification/analysis/7098_3140/results/krakentools/CATD0565b.kraken.mpa	Bacteria	Bacteroidota	Flavobacteriia	Flavobacteriales	Flavobacteriaceae	Capnocytophaga	Capnocytophaga_endodontalis	NA	1	0	579284	579284	2708117	1.7262689803274388e-5	1.7262689803274388e-5	2.466259921523675e-5	107570	2.6529557975830174	1.6287695873871928	3.2292698168669644e-6	6.1488836238973705e-6	Significant
/lustre/scratch125/casm/team113da/projects/FUR/FUR_analysis/FUR_analysis_cat/pathogen_identification/analysis/7098_3140/results/kraken2/CATD0566a_0.1.kraken	CATD0566a	7098_3140	0.96	937	937	40266	31570	S	9606	Homo sapiens	/lustre/scratch125/casm/team113da/projects/FUR/FUR_analysis/FUR_analysis_cat/pathogen_identification/analysis/7098_3140/results/krakentools/CATD0566a.kraken.mpa	Eukaryota	Metazoa	Chordata	Mammalia	Primates	Hominidae	Homo	Homo_sapiens	937	2.95	817705001	817705001	9606	3.86080554251129e-5	3.86080554251129e-5	0.03481320166957445	97415	3391.328040641595	57.21245540645023	0	0	Significant
/lustre/scratch125/casm/team113da/projects/FUR/FUR_analysis/FUR_analysis_cat/pathogen_identification/analysis/7098_3140/results/kraken2/CATD0566a_0.1.kraken	CATD0566a	7098_3140	0	1	1	115	110	S	3641	Theobroma cacao	/lustre/scratch125/casm/team113da/projects/FUR/FUR_analysis/FUR_analysis_cat/pathogen_identification/analysis/7098_3140/results/krakentools/CATD0566a.kraken.mpa	Eukaryota	Viridiplantae	Streptophyta	Magnoliopsida	Malvales	Malvaceae	Theobroma	Theobroma_cacao	1	0.24	67573239	67573239	3641	1.6278633617074357e-6	1.6278633617074357e-6	0.002876881997659879	97415	280.2514598020371	16.71661477161314	1	1	Non-significant
/lustre/scratch125/casm/team113da/projects/FUR/FUR_analysis/FUR_analysis_cat/pathogen_identification/analysis/7098_3140/results/kraken2/CATD0566a_0.1.kraken	CATD0566a	7098_3140	0	1	1	171	170	S	55363	Diospyros lotus	/lustre/scratch125/casm/team113da/projects/FUR/FUR_analysis/FUR_analysis_cat/pathogen_identification/analysis/7098_3140/results/krakentools/CATD0566a.kraken.mpa	Eukaryota	Viridiplantae	Streptophyta	Magnoliopsida	Ericales	Ebenaceae	Diospyros	Diospyros_lotus	1	0.47	129654512	129654512	55363	1.3111768913988894e-6	1.3111768913988894e-6	0.0055199474970879635	97415	537.725685428824	23.124823629109503	1	1	Non-significant
/lustre/scratch125/casm/team113da/projects/FUR/FUR_analysis/FUR_analysis_cat/pathogen_identification/analysis/7098_3140/results/kraken2/CATD0566a_0.1.kraken	CATD0566a	7098_3140	0	3	3	25	10	S	292	Burkholderia cepacia	/lustre/scratch125/casm/team113da/projects/FUR/FUR_analysis/FUR_analysis_cat/pathogen_identification/analysis/7098_3140/results/krakentools/CATD0566a.kraken.mpa	Bacteria	Pseudomonadota	Betaproteobacteria	Burkholderiales	Burkholderiaceae	Burkholderia	Burkholderia_cepacia	NA	3	0.02	6045823	4957814	292	2.01701798413575e-6	1.6540345292940267e-6	2.573965612294838e-4	97415	25.074286012170163	5.0067786027719805	0.99869709252686	1	Non-significant
/lustre/scratch125/casm/team113da/projects/FUR/FUR_analysis/FUR_analysis_cat/pathogen_identification/analysis/7098_3140/results/kraken2/CATD0566a_0.1.kraken	CATD0566a	7098_3140	0	2	2	45	17	S	95486	Burkholderia cenocepacia	/lustre/scratch125/casm/team113da/projects/FUR/FUR_analysis/FUR_analysis_cat/pathogen_identification/analysis/7098_3140/results/krakentools/CATD0566a.kraken.mpa	Bacteria	Pseudomonadota	Betaproteobacteria	Burkholderiales	Burkholderiaceae	Burkholderia	Burkholderia_cenocepacia	NA	2	0.02	5373676	5267478	95486	3.227350925813074e-6	3.1635699658855504e-6	2.2878038665065248e-4	97415	22.286641365573313	4.720332892831241	0.86863718429645	0.9722047680217063	Non-significant
/lustre/scratch125/casm/team113da/projects/FUR/FUR_analysis/FUR_analysis_cat/pathogen_identification/analysis/7098_3140/results/kraken2/CATD0566a_0.1.kraken	CATD0566a	7098_3140	0	1	1	7	7	S	2026199	Paraburkholderia aromaticivorans	/lustre/scratch125/casm/team113da/projects/FUR/FUR_analysis/FUR_analysis_cat/pathogen_identification/analysis/7098_3140/results/krakentools/CATD0566a.kraken.mpa	Bacteria	Pseudomonadota	Betaproteobacteria	Burkholderiales	Burkholderiaceae	Paraburkholderia	Paraburkholderia_aromaticivorans	NA	1	0.01	4149924	4149924	2026199	1.6867778783418685e-6	1.6867778783418685e-6	1.7668002635269083e-4	97415	17.211284767147376	4.1482820392183015	0.9930834713350917	1	Non-significant
/lustre/scratch125/casm/team113da/projects/FUR/FUR_analysis/FUR_analysis_cat/pathogen_identification/analysis/7098_3140/results/kraken2/CATD0566a_0.1.kraken	CATD0566a	7098_3140	0	3	3	21	7	S	59779	Paracoccus marcusii	/lustre/scratch125/casm/team113da/projects/FUR/FUR_analysis/FUR_analysis_cat/pathogen_identification/analysis/7098_3140/results/krakentools/CATD0566a.kraken.mpa	Bacteria	Pseudomonadota	Alphaproteobacteria	Rhodobacterales	Paracoccaceae	Paracoccus	Paracoccus_marcusii	NA	3	0	862270	862270	59779	8.118106857480835e-6	8.118106857480835e-6	3.671052441517838e-5	97415	3.576155735904602	1.8910379301727784	0.03510422282389047	0.048794869725207746	Significant
/lustre/scratch125/casm/team113da/projects/FUR/FUR_analysis/FUR_analysis_cat/pathogen_identification/analysis/7098_3140/results/kraken2/CATD0566a_0.1.kraken	CATD0566a	7098_3140	0	1	1	9	9	S	293	Brevundimonas diminuta	/lustre/scratch125/casm/team113da/projects/FUR/FUR_analysis/FUR_analysis_cat/pathogen_identification/analysis/7098_3140/results/krakentools/CATD0566a.kraken.mpa	Bacteria	Pseudomonadota	Alphaproteobacteria	Caulobacterales	Caulobacteraceae	Brevundimonas	Brevundimonas_diminuta	NA	1	0	1090048	1090048	293	8.256517144199154e-6	8.256517144199154e-6	4.6408008764907006e-5	97415	4.520836173833416	2.1261764674712764	0.017572859602431188	0.02467300489634278	Significant
/lustre/scratch125/casm/team113da/projects/FUR/FUR_analysis/FUR_analysis_cat/pathogen_identification/analysis/7098_3140/results/kraken2/CATD0566a_0.1.kraken	CATD0566a	7098_3140	0	3	3	50	18	S	316	Stutzerimonas stutzeri	/lustre/scratch125/casm/team113da/projects/FUR/FUR_analysis/FUR_analysis_cat/pathogen_identification/analysis/7098_3140/results/krakentools/CATD0566a.kraken.mpa	Bacteria	Pseudomonadota	Gammaproteobacteria	Pseudomonadales	Pseudomonadaceae	Stutzerimonas	Stutzerimonas_stutzeri	NA	3	0.04	10216073	8058582	316	2.2336435864274882e-6	1.7619294615455469e-6	4.349419523974447e-4	97415	42.369870292797074	6.507798541649019	0.999909701743391	1	Non-significant
/lustre/scratch125/casm/team113da/projects/FUR/FUR_analysis/FUR_analysis_cat/pathogen_identification/analysis/7098_3140/results/kraken2/CATD0566a_0.1.kraken	CATD0566a	7098_3140	0	1	1	4	4	S	3027470	Acinetobacter sp. TAC-1	/lustre/scratch125/casm/team113da/projects/FUR/FUR_analysis/FUR_analysis_cat/pathogen_identification/analysis/7098_3140/results/krakentools/CATD0566a.kraken.mpa	Bacteria	Pseudomonadota	Gammaproteobacteria	Moraxellales	Moraxellaceae	Acinetobacter	Acinetobacter_sp._TAC-1	NA	1	0	314885	314885	3027470	1.270305031995808e-5	1.270305031995808e-5	1.3406002157646034e-5	97415	1.3059457001870884	1.1427721525641996	0.009199900879983663	0.013460907603344518	Significant
/lustre/scratch125/casm/team113da/projects/FUR/FUR_analysis/FUR_analysis_cat/pathogen_identification/analysis/7098_3140/results/kraken2/CATD0566a_0.1.kraken	CATD0566a	7098_3140	0	3	3	56	48	S	1280	Staphylococcus aureus	/lustre/scratch125/casm/team113da/projects/FUR/FUR_analysis/FUR_analysis_cat/pathogen_identification/analysis/7098_3140/results/krakentools/CATD0566a.kraken.mpa	Bacteria	Bacillota	Bacilli	Bacillales	Staphylococcaceae	Staphylococcus	Staphylococcus_aureus	NA	3	0.02	4736617	4627964	1280	1.037173150007217e-5	1.013381491473767e-5	2.0165805840844397e-4	97415	19.64451975985857	4.43176694831141	7.859233879870138e-11	1.680666937387614e-10	Significant
/lustre/scratch125/casm/team113da/projects/FUR/FUR_analysis/FUR_analysis_cat/pathogen_identification/analysis/7098_3140/results/kraken2/CATD0566a_0.1.kraken	CATD0566a	7098_3140	0	1	1	18	18	S	29382	Staphylococcus cohnii	/lustre/scratch125/casm/team113da/projects/FUR/FUR_analysis/FUR_analysis_cat/pathogen_identification/analysis/7098_3140/results/krakentools/CATD0566a.kraken.mpa	Bacteria	Bacillota	Bacilli	Bacillales	Staphylococcaceae	Staphylococcus	Staphylococcus_cohnii	NA	1	0	683256	683256	29382	2.6344444834732516e-5	2.6344444834732516e-5	2.9089132255345915e-5	97415	2.8337178186545224	1.6833405443528417	1.033726651373205e-19	2.87376009081751e-19	Significant
/lustre/scratch125/casm/team113da/projects/FUR/FUR_analysis/FUR_analysis_cat/pathogen_identification/analysis/7098_3140/results/kraken2/CATD0566b_0.1.kraken	CATD0566b	7098_3140	1.04	836	836	34564	27979	S	9606	Homo sapiens	/lustre/scratch125/casm/team113da/projects/FUR/FUR_analysis/FUR_analysis_cat/pathogen_identification/analysis/7098_3140/results/krakentools/CATD0566b.kraken.mpa	Eukaryota	Metazoa	Chordata	Mammalia	Primates	Hominidae	Homo	Homo_sapiens	836	2.95	817705001	817705001	9606	3.421649612731181e-5	3.421649612731181e-5	0.03481320166957445	80402	2799.0510406371254	51.97698637162406	0	0	Significant
/lustre/scratch125/casm/team113da/projects/FUR/FUR_analysis/FUR_analysis_cat/pathogen_identification/analysis/7098_3140/results/kraken2/CATD0566b_0.1.kraken	CATD0566b	7098_3140	0	2	2	14	7	S	3025670	Novosphingobium sp. KACC 22771	/lustre/scratch125/casm/team113da/projects/FUR/FUR_analysis/FUR_analysis_cat/pathogen_identification/analysis/7098_3140/results/krakentools/CATD0566b.kraken.mpa	Bacteria	Pseudomonadota	Alphaproteobacteria	Sphingomonadales	Sphingomonadaceae	Novosphingobium	Novosphingobium_sp._KACC_22771	NA	2	0	1328683	1328683	3025670	5.268374774118432e-6	5.268374774118432e-6	5.656772207259032e-5	80402	4.548157990080407	2.1325807630997895	0.12513238380419356	0.16565144141698004	Non-significant
/lustre/scratch125/casm/team113da/projects/FUR/FUR_analysis/FUR_analysis_cat/pathogen_identification/analysis/7098_3140/results/kraken2/CATD0566b_0.1.kraken	CATD0566b	7098_3140	0	1	1	24	24	S	1747	Cutibacterium acnes	/lustre/scratch125/casm/team113da/projects/FUR/FUR_analysis/FUR_analysis_cat/pathogen_identification/analysis/7098_3140/results/krakentools/CATD0566b.kraken.mpa	Bacteria	Actinomycetota	Actinomycetes	Propionibacteriales	Propionibacteriaceae	Cutibacterium	Cutibacterium_acnes	NA	1	0	1372586	1299736	1747	1.8465288335477358e-5	1.748524318330509e-5	5.8436860687408857e-5	80402	4.698440472989047	2.1675252964793	2.672115153142998e-19	7.142769351670705e-19	Significant
/lustre/scratch125/casm/team113da/projects/FUR/FUR_analysis/FUR_analysis_cat/pathogen_identification/analysis/7098_3140/results/kraken2/CATD0566b_0.1.kraken	CATD0566b	7098_3140	0	1	1	17	17	S	1280	Staphylococcus aureus	/lustre/scratch125/casm/team113da/projects/FUR/FUR_analysis/FUR_analysis_cat/pathogen_identification/analysis/7098_3140/results/krakentools/CATD0566b.kraken.mpa	Bacteria	Bacillota	Bacilli	Bacillales	Staphylococcaceae	Staphylococcus	Staphylococcus_aureus	NA	1	0.02	4736617	4627964	1280	3.6733215729422267e-6	3.5890594489695918e-6	2.0165805840844397e-4	80402	16.21371121215571	4.026219267083336	0.42258214335690714	0.5152536660228956	Non-significant
/lustre/scratch125/casm/team113da/projects/FUR/FUR_analysis/FUR_analysis_cat/pathogen_identification/analysis/7098_3140/results/kraken2/CATD0566b_0.1.kraken	CATD0566b	7098_3140	0	1	1	10	10	S	2918899	Thermus sp. NEB1569	/lustre/scratch125/casm/team113da/projects/FUR/FUR_analysis/FUR_analysis_cat/pathogen_identification/analysis/7098_3140/results/krakentools/CATD0566b.kraken.mpa	Bacteria	Deinococcota	Deinococci	Thermales	Thermaceae	Thermus	Thermus_sp._NEB1569	NA	1	0	215070	215070	2918899	4.649648951504162e-5	4.649648951504162e-5	9.156450399494839e-6	80402	0.7361969250201841	0.8580152586461128	1.7824095741206607e-27	5.630793881881178e-27	Significant
/lustre/scratch125/casm/team113da/projects/FUR/FUR_analysis/FUR_analysis_cat/pathogen_identification/analysis/7098_3140/results/kraken2/CATD0566b_0.1.kraken	CATD0566b	7098_3140	0	1	1	7	7	S	37372	Helicobacter bilis	/lustre/scratch125/casm/team113da/projects/FUR/FUR_analysis/FUR_analysis_cat/pathogen_identification/analysis/7098_3140/results/krakentools/CATD0566b.kraken.mpa	Bacteria	Campylobacterota	Epsilonproteobacteria	Campylobacterales	Helicobacteraceae	Helicobacter	Helicobacter_bilis	NA	1	0	710392	710392	37372	9.853714568857758e-6	9.853714568857758e-6	3.0244427917412646e-5	80402	2.4317124934158114	1.5593713309095394	0.0016971566296788236	0.0027430787386669357	Significant
/lustre/scratch125/casm/team113da/projects/FUR/FUR_analysis/FUR_analysis_cat/pathogen_identification/analysis/7098_3140/results/kraken2/CATD0566b_0.1.kraken	CATD0566b	7098_3140	0	1	1	15	15	S	2585119	Alistipes dispar	/lustre/scratch125/casm/team113da/projects/FUR/FUR_analysis/FUR_analysis_cat/pathogen_identification/analysis/7098_3140/results/krakentools/CATD0566b.kraken.mpa	Bacteria	Bacteroidota	Bacteroidia	Bacteroidales	Rikenellaceae	Alistipes	Alistipes_dispar	NA	1	0	806425	806425	2585119	1.860061382025607e-5	1.860061382025607e-5	3.433296374860569e-5	80402	2.7604389513153946	1.6614283545386328	8.732679881133812e-14	1.9578104894799996e-13	Significant
/lustre/scratch125/casm/team113da/projects/FUR/FUR_analysis/FUR_analysis_cat/pathogen_identification/analysis/7098_3140/results/kraken2/CATD0567a_0.1.kraken	CATD0567a	7098_3140	0.95	755	755	31124	23842	S	9606	Homo sapiens	/lustre/scratch125/casm/team113da/projects/FUR/FUR_analysis/FUR_analysis_cat/pathogen_identification/analysis/7098_3140/results/krakentools/CATD0567a.kraken.mpa	Eukaryota	Metazoa	Chordata	Mammalia	Primates	Hominidae	Homo	Homo_sapiens	755	2.95	817705001	817705001	9606	2.915721436317839e-5	2.915721436317839e-5	0.03481320166957445	79447	2765.8044330426815	51.66737776911621	0	0	Significant
/lustre/scratch125/casm/team113da/projects/FUR/FUR_analysis/FUR_analysis_cat/pathogen_identification/analysis/7098_3140/results/kraken2/CATD0567a_0.1.kraken	CATD0567a	7098_3140	0	2	2	37	30	S	2839983	Cupriavidus sp. EM10	/lustre/scratch125/casm/team113da/projects/FUR/FUR_analysis/FUR_analysis_cat/pathogen_identification/analysis/7098_3140/results/krakentools/CATD0567a.kraken.mpa	Bacteria	Pseudomonadota	Betaproteobacteria	Burkholderiales	Burkholderiaceae	Cupriavidus	Cupriavidus_sp._EM10	NA	2	0.01	1433718	1433718	2839983	2.0924616974886275e-5	2.0924616974886275e-5	6.103951157233897e-5	79447	4.8494060758876145	2.2020694972024217	1.635670991542487e-30	5.683956695610142e-30	Significant
/lustre/scratch125/casm/team113da/projects/FUR/FUR_analysis/FUR_analysis_cat/pathogen_identification/analysis/7098_3140/results/kraken2/CATD0567a_0.1.kraken	CATD0567a	7098_3140	0	1	1	17	17	S	1270	Micrococcus luteus	/lustre/scratch125/casm/team113da/projects/FUR/FUR_analysis/FUR_analysis_cat/pathogen_identification/analysis/7098_3140/results/krakentools/CATD0567a.kraken.mpa	Bacteria	Actinomycetota	Actinomycetes	Micrococcales	Micrococcaceae	Micrococcus	Micrococcus_luteus	NA	1	0.01	1627849	1626675	1270	1.0450766133370218e-5	1.0443229071001057e-5	6.930449912292405e-5	79447	5.506034541818947	2.3464127831336223	4.82789816863483e-7	9.4518006400034e-7	Significant
/lustre/scratch125/casm/team113da/projects/FUR/FUR_analysis/FUR_analysis_cat/pathogen_identification/analysis/7098_3140/results/kraken2/CATD0567b_0.1.kraken	CATD0567b	7098_3140	1.17	878	878	32517	25090	S	9606	Homo sapiens	/lustre/scratch125/casm/team113da/projects/FUR/FUR_analysis/FUR_analysis_cat/pathogen_identification/analysis/7098_3140/results/krakentools/CATD0567b.kraken.mpa	Eukaryota	Metazoa	Chordata	Mammalia	Primates	Hominidae	Homo	Homo_sapiens	878	2.95	817705001	817705001	9606	3.0683437143366574e-5	3.0683437143366574e-5	0.03481320166957445	74983	2610.3983007897014	50.19484015619927	0	0	Significant
/lustre/scratch125/casm/team113da/projects/FUR/FUR_analysis/FUR_analysis_cat/pathogen_identification/analysis/7098_3140/results/kraken2/CATD0567b_0.1.kraken	CATD0567b	7098_3140	0	1	1	13	13	S	80866	Delftia acidovorans	/lustre/scratch125/casm/team113da/projects/FUR/FUR_analysis/FUR_analysis_cat/pathogen_identification/analysis/7098_3140/results/krakentools/CATD0567b.kraken.mpa	Bacteria	Pseudomonadota	Betaproteobacteria	Burkholderiales	Comamonadaceae	Delftia	Delftia_acidovorans	NA	1	0.01	2576970	2575956	80866	5.0466700518176555e-6	5.044684260973158e-6	1.0971264233033995e-4	74983	8.22658305985588	2.8680447171707475	0.04802171548221774	0.06608929160424025	Non-significant
/lustre/scratch125/casm/team113da/projects/FUR/FUR_analysis/FUR_analysis_cat/pathogen_identification/analysis/7098_3140/results/kraken2/CATD0567b_0.1.kraken	CATD0567b	7098_3140	0	2	2	44	22	S	1747	Cutibacterium acnes	/lustre/scratch125/casm/team113da/projects/FUR/FUR_analysis/FUR_analysis_cat/pathogen_identification/analysis/7098_3140/results/krakentools/CATD0567b.kraken.mpa	Bacteria	Actinomycetota	Actinomycetes	Propionibacteriales	Propionibacteriaceae	Cutibacterium	Cutibacterium_acnes	NA	2	0	1372586	1299736	1747	1.692651430752091e-5	1.6028139584696333e-5	5.8436860687408857e-5	74983	4.381771124923978	2.0932068860901416	1.9335501908952052e-17	5.0710089912157273e-17	Significant
/lustre/scratch125/casm/team113da/projects/FUR/FUR_analysis/FUR_analysis_cat/pathogen_identification/analysis/7098_3140/results/kraken2/CATD0567b_0.1.kraken	CATD0567b	7098_3140	0	1	1	8	3	S	299152	Micromonospora siamensis	/lustre/scratch125/casm/team113da/projects/FUR/FUR_analysis/FUR_analysis_cat/pathogen_identification/analysis/7098_3140/results/krakentools/CATD0567b.kraken.mpa	Bacteria	Actinomycetota	Actinomycetes	Micromonosporales	Micromonosporaceae	Micromonospora	Micromonospora_siamensis	NA	1	0	1319812	1319812	299152	2.2730510102954055e-6	2.2730510102954055e-6	5.6190045634714665e-5	74983	4.21329819182781	2.0525743461346626	0.722776798332459	0.8372164580684317	Non-significant
/lustre/scratch125/casm/team113da/projects/FUR/FUR_analysis/FUR_analysis_cat/pathogen_identification/analysis/7098_3140/results/kraken2/CATD0568a_0.1.kraken	CATD0568a	7098_3140	1.06	1120	1120	44655	33868	S	9606	Homo sapiens	/lustre/scratch125/casm/team113da/projects/FUR/FUR_analysis/FUR_analysis_cat/pathogen_identification/analysis/7098_3140/results/krakentools/CATD0568a.kraken.mpa	Eukaryota	Metazoa	Chordata	Mammalia	Primates	Hominidae	Homo	Homo_sapiens	1120	2.95	817705001	817705001	9606	4.141835987132479e-5	4.141835987132479e-5	0.03481320166957445	105614	3676.761481130436	59.571483464799826	0	0	Significant
/lustre/scratch125/casm/team113da/projects/FUR/FUR_analysis/FUR_analysis_cat/pathogen_identification/analysis/7098_3140/results/kraken2/CATD0568a_0.1.kraken	CATD0568a	7098_3140	0	1	1	8	8	S	2026199	Paraburkholderia aromaticivorans	/lustre/scratch125/casm/team113da/projects/FUR/FUR_analysis/FUR_analysis_cat/pathogen_identification/analysis/7098_3140/results/krakentools/CATD0568a.kraken.mpa	Bacteria	Pseudomonadota	Betaproteobacteria	Burkholderiales	Burkholderiaceae	Paraburkholderia	Paraburkholderia_aromaticivorans	NA	1	0.01	4149924	4149924	2026199	1.927746146676421e-6	1.927746146676421e-6	1.7668002635269083e-4	105614	18.65988430321309	4.319327201586222	0.993205538271138	1	Non-significant
/lustre/scratch125/casm/team113da/projects/FUR/FUR_analysis/FUR_analysis_cat/pathogen_identification/analysis/7098_3140/results/kraken2/CATD0568a_0.1.kraken	CATD0568a	7098_3140	0	2	2	37	20	S	134034	Corynebacterium freneyi	/lustre/scratch125/casm/team113da/projects/FUR/FUR_analysis/FUR_analysis_cat/pathogen_identification/analysis/7098_3140/results/krakentools/CATD0568a.kraken.mpa	Bacteria	Actinomycetota	Actinomycetes	Mycobacteriales	Corynebacteriaceae	Corynebacterium	Corynebacterium_freneyi	NA	2	0	900141	900141	134034	2.22187412860874e-5	2.22187412860874e-5	3.8322854973039865e-5	105614	4.047430005122632	2.0117840082994825	1.0995832498606146e-15	2.7293227094754543e-15	Significant
/lustre/scratch125/casm/team113da/projects/FUR/FUR_analysis/FUR_analysis_cat/pathogen_identification/analysis/7098_3140/results/kraken2/CATD0568a_0.1.kraken	CATD0568a	7098_3140	0	1	1	26	26	S	1747	Cutibacterium acnes	/lustre/scratch125/casm/team113da/projects/FUR/FUR_analysis/FUR_analysis_cat/pathogen_identification/analysis/7098_3140/results/krakentools/CATD0568a.kraken.mpa	Bacteria	Actinomycetota	Actinomycetes	Propionibacteriales	Propionibacteriaceae	Cutibacterium	Cutibacterium_acnes	NA	1	0	1372586	1299736	1747	2.0004062363433804e-5	1.8942346781913846e-5	5.8436860687408857e-5	105614	6.171750604639999	2.4842282396973348	7.21928497817349e-16	1.824510203574755e-15	Significant
/lustre/scratch125/casm/team113da/projects/FUR/FUR_analysis/FUR_analysis_cat/pathogen_identification/analysis/7098_3140/results/kraken2/CATD0568a_0.1.kraken	CATD0568a	7098_3140	0	1	1	5	5	S	29394	Dolosigranulum pigrum	/lustre/scratch125/casm/team113da/projects/FUR/FUR_analysis/FUR_analysis_cat/pathogen_identification/analysis/7098_3140/results/krakentools/CATD0568a.kraken.mpa	Bacteria	Bacillota	Bacilli	Lactobacillales	Carnobacteriaceae	Dolosigranulum	Dolosigranulum_pigrum	NA	1	0.01	1932120	1932120	29394	2.5878309835828e-6	2.5878309835828e-6	8.225861787265527e-5	105614	8.687661668002614	2.9473627250410255	0.8945643788706635	0.9868607036747797	Non-significant
/lustre/scratch125/casm/team113da/projects/FUR/FUR_analysis/FUR_analysis_cat/pathogen_identification/analysis/7098_3140/results/kraken2/CATD0568a_0.1.kraken	CATD0568a	7098_3140	0	4	4	56	39	S	2169894	Puma feline foamy virus	/lustre/scratch125/casm/team113da/projects/FUR/FUR_analysis/FUR_analysis_cat/pathogen_identification/analysis/7098_3140/results/krakentools/CATD0568a.kraken.mpa	Viruses	Pararnavirae	Artverviricota	Revtraviricetes	Ortervirales	Retroviridae	Felispumavirus	Puma_feline_foamy_virus	4	0	1854	1854	2169894	0.021035598705501618	0.021035598705501618	7.893271511909346e-8	105614	0.008336399774587937	0.09130388335976333	0	0	Significant
/lustre/scratch125/casm/team113da/projects/FUR/FUR_analysis/FUR_analysis_cat/pathogen_identification/analysis/7098_3140/results/kraken2/CATD0568b_0.1.kraken	CATD0568b	7098_3140	0.92	710	710	29323	22724	S	9606	Homo sapiens	/lustre/scratch125/casm/team113da/projects/FUR/FUR_analysis/FUR_analysis_cat/pathogen_identification/analysis/7098_3140/results/krakentools/CATD0568b.kraken.mpa	Eukaryota	Metazoa	Chordata	Mammalia	Primates	Hominidae	Homo	Homo_sapiens	710	2.95	817705001	817705001	9606	2.7789973122593145e-5	2.7789973122593145e-5	0.03481320166957445	76883	2676.5433839618927	50.82680729062826	0	0	Significant
/lustre/scratch125/casm/team113da/projects/FUR/FUR_analysis/FUR_analysis_cat/pathogen_identification/analysis/7098_3140/results/kraken2/CATD0568b_0.1.kraken	CATD0568b	7098_3140	0	3	0	40	14	S	1121358	Corynebacterium doosanense	/lustre/scratch125/casm/team113da/projects/FUR/FUR_analysis/FUR_analysis_cat/pathogen_identification/analysis/7098_3140/results/krakentools/CATD0568b.kraken.mpa	Bacteria	Actinomycetota	Actinomycetes	Mycobacteriales	Corynebacteriaceae	Corynebacterium	Corynebacterium_doosanense	NA	3	0	760833	0	1121358	Inf	1.840088429392521e-5	3.2391917174867984e-5	76883	2.490387768155375	1.5780706890760805	1.5103529011679812e-13	3.332365924799197e-13	Significant
/lustre/scratch125/casm/team113da/projects/FUR/FUR_analysis/FUR_analysis_cat/pathogen_identification/analysis/7098_3140/results/kraken2/CATD0568b_0.1.kraken	CATD0568b	7098_3140	0	1	0	7	7	S	1322	Blautia hansenii	/lustre/scratch125/casm/team113da/projects/FUR/FUR_analysis/FUR_analysis_cat/pathogen_identification/analysis/7098_3140/results/krakentools/CATD0568b.kraken.mpa	Bacteria	Bacillota	Clostridia	Eubacteriales	Lachnospiraceae	Blautia	Blautia_hansenii	NA	1	0	812899	0	1322	Inf	8.611155875453163e-6	3.460858963732252e-5	76883	2.6608121970862673	1.6311713920152096	0.0039050993755782248	0.0060989754292738564	Significant
/lustre/scratch125/casm/team113da/projects/FUR/FUR_analysis/FUR_analysis_cat/pathogen_identification/analysis/7098_3140/results/kraken2/CATD0568b_0.1.kraken	CATD0568b	7098_3140	0	1	1	24	22	S	34062	Moraxella osloensis	/lustre/scratch125/casm/team113da/projects/FUR/FUR_analysis/FUR_analysis_cat/pathogen_identification/analysis/7098_3140/results/krakentools/CATD0568b.kraken.mpa	Bacteria	Pseudomonadota	Gammaproteobacteria	Moraxellales	Moraxellaceae	Moraxella	Moraxella_osloensis	NA	1	0.01	3191589	3191589	34062	6.893118130185309e-6	6.893118130185309e-6	1.3587960372935944e-4	76883	10.446831573524342	3.2319362713688995	1.7532193389221756e-4	3.0086109643232396e-4	Significant
/lustre/scratch125/casm/team113da/projects/FUR/FUR_analysis/FUR_analysis_cat/pathogen_identification/analysis/7098_3140/results/kraken2/CATD0569a_0.1.kraken	CATD0569a	7098_3140	0.9	1084	1084	42946	29867	S	9606	Homo sapiens	/lustre/scratch125/casm/team113da/projects/FUR/FUR_analysis/FUR_analysis_cat/pathogen_identification/analysis/7098_3140/results/krakentools/CATD0569a.kraken.mpa	Eukaryota	Metazoa	Chordata	Mammalia	Primates	Hominidae	Homo	Homo_sapiens	1084	2.95	817705001	817705001	9606	3.6525397256314446e-5	3.6525397256314446e-5	0.03481320166957445	120861	4207.558366986438	63.72660189449955	0	0	Significant
/lustre/scratch125/casm/team113da/projects/FUR/FUR_analysis/FUR_analysis_cat/pathogen_identification/analysis/7098_3140/results/kraken2/CATD0569a_0.1.kraken	CATD0569a	7098_3140	0	1	1	16	16	S	316	Stutzerimonas stutzeri	/lustre/scratch125/casm/team113da/projects/FUR/FUR_analysis/FUR_analysis_cat/pathogen_identification/analysis/7098_3140/results/krakentools/CATD0569a.kraken.mpa	Bacteria	Pseudomonadota	Gammaproteobacteria	Pseudomonadales	Pseudomonadaceae	Stutzerimonas	Stutzerimonas_stutzeri	NA	1	0.04	10216073	8058582	316	1.985460965713323e-6	1.5661595213738195e-6	4.349419523974447e-4	120861	52.56751930870757	7.24876923961763	0.9999997728264113	1	Non-significant
/lustre/scratch125/casm/team113da/projects/FUR/FUR_analysis/FUR_analysis_cat/pathogen_identification/analysis/7098_3140/results/kraken2/CATD0569b_0.1.kraken	CATD0569b	7098_3140	0.85	1064	1064	44741	31403	S	9606	Homo sapiens	/lustre/scratch125/casm/team113da/projects/FUR/FUR_analysis/FUR_analysis_cat/pathogen_identification/analysis/7098_3140/results/krakentools/CATD0569b.kraken.mpa	Eukaryota	Metazoa	Chordata	Mammalia	Primates	Hominidae	Homo	Homo_sapiens	1064	2.95	817705001	817705001	9606	3.840382529346913e-5	3.840382529346913e-5	0.03481320166957445	124487	4333.791036240315	64.67548140448501	0	0	Significant
/lustre/scratch125/casm/team113da/projects/FUR/FUR_analysis/FUR_analysis_cat/pathogen_identification/analysis/7098_3140/results/kraken2/CATD0569b_0.1.kraken	CATD0569b	7098_3140	0	1	1	11	11	S	5866	Babesia bigemina	/lustre/scratch125/casm/team113da/projects/FUR/FUR_analysis/FUR_analysis_cat/pathogen_identification/analysis/7098_3140/results/krakentools/CATD0569b.kraken.mpa	Eukaryota	Apicomplexa	Aconoidasida	Piroplasmida	Babesiidae	Babesia	Babesia_bigemina	NA	1	0.01	3591828	3591828	5866	3.062507447461293e-6	3.062507447461293e-6	1.5291949098208374e-4	124487	19.03648867388666	4.362748860950921	0.9672675423059243	1	Non-significant
/lustre/scratch125/casm/team113da/projects/FUR/FUR_analysis/FUR_analysis_cat/pathogen_identification/analysis/7098_3140/results/kraken2/CATD0569b_0.1.kraken	CATD0569b	7098_3140	0	1	1	25	25	S	1747	Cutibacterium acnes	/lustre/scratch125/casm/team113da/projects/FUR/FUR_analysis/FUR_analysis_cat/pathogen_identification/analysis/7098_3140/results/krakentools/CATD0569b.kraken.mpa	Bacteria	Actinomycetota	Actinomycetes	Propionibacteriales	Propionibacteriaceae	Cutibacterium	Cutibacterium_acnes	NA	1	0	1372586	1299736	1747	1.923467534945558e-5	1.821379498260947e-5	5.8436860687408857e-5	124487	7.274629476393466	2.6970732970915345	2.4809271797566143e-11	5.388263718533897e-11	Significant
